1,DJI_0010.JPG,DJI_0011.JPG,DJI_0012.JPG,DJI_0013.JPG,DJI_0046.JPG,DJI_0047.JPG,DJI_0048.JPG,DJI_0049.JPG,DJI_0055.JPG,DJI_0056.JPG,DJI_0057.JPG,DJI_0095.JPG,DJI_0096.JPG
2,DJI_0010.JPG,DJI_0011.JPG,DJI_0012.JPG,DJI_0013.JPG,DJI_0046.JPG,DJI_0047.JPG,DJI_0048.JPG,DJI_0049.JPG,DJI_0055.JPG,DJI_0056.JPG,DJI_0057.JPG,DJI_0094.JPG,DJI_0095.JPG,DJI_0096.JPG,DJI_0105.JPG,DJI_0106.JPG,DJI_0107.JPG
3,DJI_0010.JPG,DJI_0011.JPG,DJI_0012.JPG,DJI_0013.JPG,DJI_0046.JPG,DJI_0047.JPG,DJI_0048.JPG,DJI_0049.JPG,DJI_0055.JPG,DJI_0056.JPG,DJI_0057.JPG,DJI_0094.JPG,DJI_0095.JPG,DJI_0096.JPG,DJI_0097.JPG,DJI_0105.JPG,DJI_0106.JPG,DJI_0107.JPG
4,DJI_0010.JPG,DJI_0011.JPG,DJI_0012.JPG,DJI_0013.JPG,DJI_0046.JPG,DJI_0047.JPG,DJI_0048.JPG,DJI_0049.JPG,DJI_0055.JPG,DJI_0056.JPG,DJI_0057.JPG,DJI_0094.JPG,DJI_0095.JPG,DJI_0096.JPG,DJI_0097.JPG,DJI_0105.JPG,DJI_0106.JPG,DJI_0107.JPG,DJI_0148.JPG
5,DJI_0010.JPG,DJI_0011.JPG,DJI_0012.JPG,DJI_0013.JPG,DJI_0046.JPG,DJI_0047.JPG,DJI_0048.JPG,DJI_0049.JPG,DJI_0055.JPG,DJI_0056.JPG,DJI_0057.JPG,DJI_0094.JPG,DJI_0095.JPG,DJI_0096.JPG,DJI_0097.JPG,DJI_0105.JPG,DJI_0106.JPG,DJI_0107.JPG,DJI_0148.JPG
6,DJI_0010.JPG,DJI_0011.JPG,DJI_0012.JPG,DJI_0046.JPG,DJI_0047.JPG,DJI_0048.JPG,DJI_0049.JPG,DJI_0055.JPG,DJI_0056.JPG,DJI_0057.JPG,DJI_0094.JPG,DJI_0095.JPG,DJI_0096.JPG,DJI_0097.JPG,DJI_0105.JPG,DJI_0106.JPG,DJI_0107.JPG,DJI_0148.JPG,DJI_0149.JPG
7,DJI_0010.JPG,DJI_0011.JPG,DJI_0012.JPG,DJI_0046.JPG,DJI_0047.JPG,DJI_0048.JPG,DJI_0049.JPG,DJI_0055.JPG,DJI_0056.JPG,DJI_0057.JPG,DJI_0094.JPG,DJI_0095.JPG,DJI_0096.JPG,DJI_0097.JPG,DJI_0105.JPG,DJI_0106.JPG,DJI_0107.JPG,DJI_0148.JPG,DJI_0149.JPG
8,DJI_0010.JPG,DJI_0011.JPG,DJI_0012.JPG,DJI_0046.JPG,DJI_0047.JPG,DJI_0048.JPG,DJI_0049.JPG,DJI_0055.JPG,DJI_0056.JPG,DJI_0057.JPG,DJI_0094.JPG,DJI_0095.JPG,DJI_0096.JPG,DJI_0097.JPG,DJI_0105.JPG,DJI_0106.JPG,DJI_0107.JPG,DJI_0148.JPG,DJI_0149.JPG
9,DJI_0010.JPG,DJI_0011.JPG,DJI_0012.JPG,DJI_0046.JPG,DJI_0047.JPG,DJI_0048.JPG,DJI_0049.JPG,DJI_0055.JPG,DJI_0056.JPG,DJI_0057.JPG,DJI_0094.JPG,DJI_0095.JPG,DJI_0096.JPG,DJI_0097.JPG,DJI_0105.JPG,DJI_0106.JPG,DJI_0107.JPG,DJI_0147.JPG,DJI_0148.JPG,DJI_0149.JPG
10,DJI_0010.JPG,DJI_0011.JPG,DJI_0012.JPG,DJI_0046.JPG,DJI_0047.JPG,DJI_0048.JPG,DJI_0049.JPG,DJI_0055.JPG,DJI_0056.JPG,DJI_0057.JPG,DJI_0094.JPG,DJI_0095.JPG,DJI_0096.JPG,DJI_0097.JPG,DJI_0105.JPG,DJI_0106.JPG,DJI_0107.JPG,DJI_0147.JPG,DJI_0148.JPG,DJI_0149.JPG
11,DJI_0010.JPG,DJI_0011.JPG,DJI_0012.JPG,DJI_0046.JPG,DJI_0047.JPG,DJI_0048.JPG,DJI_0049.JPG,DJI_0055.JPG,DJI_0056.JPG,DJI_0057.JPG,DJI_0094.JPG,DJI_0095.JPG,DJI_0096.JPG,DJI_0097.JPG,DJI_0105.JPG,DJI_0106.JPG,DJI_0107.JPG,DJI_0147.JPG,DJI_0148.JPG,DJI_0149.JPG,DJI_0159.JPG
12,DJI_0010.JPG,DJI_0011.JPG,DJI_0012.JPG,DJI_0046.JPG,DJI_0047.JPG,DJI_0048.JPG,DJI_0049.JPG,DJI_0055.JPG,DJI_0056.JPG,DJI_0057.JPG,DJI_0094.JPG,DJI_0095.JPG,DJI_0096.JPG,DJI_0097.JPG,DJI_0105.JPG,DJI_0106.JPG,DJI_0107.JPG,DJI_0147.JPG,DJI_0148.JPG,DJI_0149.JPG,DJI_0158.JPG,DJI_0159.JPG
13,DJI_0010.JPG,DJI_0011.JPG,DJI_0012.JPG,DJI_0046.JPG,DJI_0047.JPG,DJI_0048.JPG,DJI_0049.JPG,DJI_0055.JPG,DJI_0056.JPG,DJI_0057.JPG,DJI_0094.JPG,DJI_0095.JPG,DJI_0096.JPG,DJI_0097.JPG,DJI_0105.JPG,DJI_0106.JPG,DJI_0107.JPG,DJI_0147.JPG,DJI_0148.JPG,DJI_0149.JPG,DJI_0158.JPG,DJI_0159.JPG
14,DJI_0010.JPG,DJI_0011.JPG,DJI_0012.JPG,DJI_0046.JPG,DJI_0047.JPG,DJI_0048.JPG,DJI_0049.JPG,DJI_0055.JPG,DJI_0056.JPG,DJI_0057.JPG,DJI_0094.JPG,DJI_0095.JPG,DJI_0096.JPG,DJI_0097.JPG,DJI_0105.JPG,DJI_0106.JPG,DJI_0107.JPG,DJI_0147.JPG,DJI_0148.JPG,DJI_0149.JPG,DJI_0158.JPG,DJI_0159.JPG
15,DJI_0010.JPG,DJI_0011.JPG,DJI_0012.JPG,DJI_0046.JPG,DJI_0047.JPG,DJI_0048.JPG,DJI_0049.JPG,DJI_0055.JPG,DJI_0056.JPG,DJI_0057.JPG,DJI_0094.JPG,DJI_0095.JPG,DJI_0096.JPG,DJI_0097.JPG,DJI_0105.JPG,DJI_0106.JPG,DJI_0107.JPG,DJI_0147.JPG,DJI_0148.JPG,DJI_0149.JPG,DJI_0158.JPG,DJI_0159.JPG
16,DJI_0010.JPG,DJI_0011.JPG,DJI_0012.JPG,DJI_0046.JPG,DJI_0047.JPG,DJI_0048.JPG,DJI_0049.JPG,DJI_0055.JPG,DJI_0056.JPG,DJI_0057.JPG,DJI_0094.JPG,DJI_0095.JPG,DJI_0096.JPG,DJI_0097.JPG,DJI_0105.JPG,DJI_0106.JPG,DJI_0107.JPG,DJI_0147.JPG,DJI_0148.JPG,DJI_0149.JPG,DJI_0158.JPG,DJI_0159.JPG
17,DJI_0010.JPG,DJI_0011.JPG,DJI_0012.JPG,DJI_0046.JPG,DJI_0047.JPG,DJI_0048.JPG,DJI_0055.JPG,DJI_0056.JPG,DJI_0057.JPG,DJI_0094.JPG,DJI_0095.JPG,DJI_0096.JPG,DJI_0097.JPG,DJI_0105.JPG,DJI_0106.JPG,DJI_0107.JPG,DJI_0108.JPG,DJI_0147.JPG,DJI_0148.JPG,DJI_0149.JPG,DJI_0158.JPG,DJI_0159.JPG,DJI_0160.JPG
18,DJI_0011.JPG,DJI_0012.JPG,DJI_0046.JPG,DJI_0047.JPG,DJI_0048.JPG,DJI_0055.JPG,DJI_0056.JPG,DJI_0057.JPG,DJI_0093.JPG,DJI_0094.JPG,DJI_0095.JPG,DJI_0096.JPG,DJI_0105.JPG,DJI_0106.JPG,DJI_0107.JPG,DJI_0108.JPG,DJI_0147.JPG,DJI_0148.JPG,DJI_0149.JPG,DJI_0158.JPG,DJI_0159.JPG,DJI_0160.JPG
19,DJI_0011.JPG,DJI_0012.JPG,DJI_0046.JPG,DJI_0047.JPG,DJI_0048.JPG,DJI_0055.JPG,DJI_0056.JPG,DJI_0057.JPG,DJI_0093.JPG,DJI_0094.JPG,DJI_0095.JPG,DJI_0096.JPG,DJI_0105.JPG,DJI_0106.JPG,DJI_0107.JPG,DJI_0108.JPG,DJI_0146.JPG,DJI_0147.JPG,DJI_0148.JPG,DJI_0149.JPG,DJI_0158.JPG,DJI_0159.JPG,DJI_0160.JPG,DJI_0201.JPG
20,DJI_0011.JPG,DJI_0012.JPG,DJI_0013.JPG,DJI_0045.JPG,DJI_0046.JPG,DJI_0047.JPG,DJI_0048.JPG,DJI_0055.JPG,DJI_0056.JPG,DJI_0057.JPG,DJI_0093.JPG,DJI_0094.JPG,DJI_0095.JPG,DJI_0096.JPG,DJI_0105.JPG,DJI_0106.JPG,DJI_0107.JPG,DJI_0108.JPG,DJI_0146.JPG,DJI_0147.JPG,DJI_0148.JPG,DJI_0149.JPG,DJI_0159.JPG,DJI_0160.JPG,DJI_0201.JPG
21,DJI_0012.JPG,DJI_0013.JPG,DJI_0045.JPG,DJI_0046.JPG,DJI_0047.JPG,DJI_0048.JPG,DJI_0055.JPG,DJI_0056.JPG,DJI_0057.JPG,DJI_0093.JPG,DJI_0094.JPG,DJI_0095.JPG,DJI_0096.JPG,DJI_0105.JPG,DJI_0106.JPG,DJI_0107.JPG,DJI_0108.JPG,DJI_0146.JPG,DJI_0147.JPG,DJI_0148.JPG,DJI_0149.JPG,DJI_0159.JPG,DJI_0160.JPG,DJI_0161.JPG,DJI_0200.JPG,DJI_0201.JPG
22,DJI_0012.JPG,DJI_0013.JPG,DJI_0045.JPG,DJI_0046.JPG,DJI_0047.JPG,DJI_0055.JPG,DJI_0056.JPG,DJI_0057.JPG,DJI_0093.JPG,DJI_0094.JPG,DJI_0095.JPG,DJI_0096.JPG,DJI_0105.JPG,DJI_0106.JPG,DJI_0107.JPG,DJI_0108.JPG,DJI_0146.JPG,DJI_0147.JPG,DJI_0148.JPG,DJI_0159.JPG,DJI_0160.JPG,DJI_0161.JPG,DJI_0200.JPG,DJI_0201.JPG
23,DJI_0012.JPG,DJI_0013.JPG,DJI_0045.JPG,DJI_0046.JPG,DJI_0047.JPG,DJI_0056.JPG,DJI_0057.JPG,DJI_0093.JPG,DJI_0094.JPG,DJI_0095.JPG,DJI_0096.JPG,DJI_0106.JPG,DJI_0107.JPG,DJI_0108.JPG,DJI_0109.JPG,DJI_0146.JPG,DJI_0147.JPG,DJI_0148.JPG,DJI_0159.JPG,DJI_0160.JPG,DJI_0161.JPG,DJI_0200.JPG,DJI_0201.JPG
24,DJI_0012.JPG,DJI_0013.JPG,DJI_0045.JPG,DJI_0046.JPG,DJI_0047.JPG,DJI_0056.JPG,DJI_0057.JPG,DJI_0092.JPG,DJI_0093.JPG,DJI_0094.JPG,DJI_0095.JPG,DJI_0106.JPG,DJI_0107.JPG,DJI_0108.JPG,DJI_0109.JPG,DJI_0145.JPG,DJI_0146.JPG,DJI_0147.JPG,DJI_0148.JPG,DJI_0159.JPG,DJI_0160.JPG,DJI_0161.JPG,DJI_0200.JPG,DJI_0201.JPG
25,DJI_0013.JPG,DJI_0045.JPG,DJI_0046.JPG,DJI_0047.JPG,DJI_0056.JPG,DJI_0057.JPG,DJI_0058.JPG,DJI_0092.JPG,DJI_0093.JPG,DJI_0094.JPG,DJI_0095.JPG,DJI_0106.JPG,DJI_0107.JPG,DJI_0108.JPG,DJI_0109.JPG,DJI_0145.JPG,DJI_0146.JPG,DJI_0147.JPG,DJI_0148.JPG,DJI_0159.JPG,DJI_0160.JPG,DJI_0161.JPG,DJI_0162.JPG,DJI_0199.JPG,DJI_0200.JPG,DJI_0201.JPG
26,DJI_0013.JPG,DJI_0045.JPG,DJI_0046.JPG,DJI_0056.JPG,DJI_0057.JPG,DJI_0058.JPG,DJI_0092.JPG,DJI_0093.JPG,DJI_0094.JPG,DJI_0095.JPG,DJI_0106.JPG,DJI_0107.JPG,DJI_0108.JPG,DJI_0109.JPG,DJI_0145.JPG,DJI_0146.JPG,DJI_0147.JPG,DJI_0148.JPG,DJI_0159.JPG,DJI_0160.JPG,DJI_0161.JPG,DJI_0162.JPG,DJI_0199.JPG,DJI_0200.JPG,DJI_0201.JPG
27,DJI_0045.JPG,DJI_0046.JPG,DJI_0056.JPG,DJI_0057.JPG,DJI_0058.JPG,DJI_0092.JPG,DJI_0093.JPG,DJI_0094.JPG,DJI_0095.JPG,DJI_0106.JPG,DJI_0107.JPG,DJI_0108.JPG,DJI_0109.JPG,DJI_0145.JPG,DJI_0146.JPG,DJI_0147.JPG,DJI_0148.JPG,DJI_0159.JPG,DJI_0160.JPG,DJI_0161.JPG,DJI_0162.JPG,DJI_0199.JPG,DJI_0200.JPG
28,DJI_0045.JPG,DJI_0046.JPG,DJI_0057.JPG,DJI_0058.JPG,DJI_0092.JPG,DJI_0093.JPG,DJI_0094.JPG,DJI_0095.JPG,DJI_0106.JPG,DJI_0107.JPG,DJI_0108.JPG,DJI_0109.JPG,DJI_0145.JPG,DJI_0146.JPG,DJI_0147.JPG,DJI_0148.JPG,DJI_0159.JPG,DJI_0160.JPG,DJI_0161.JPG,DJI_0162.JPG,DJI_0199.JPG,DJI_0200.JPG,DJI_0213.JPG,DJI_0214.JPG
29,DJI_0044.JPG,DJI_0045.JPG,DJI_0046.JPG,DJI_0057.JPG,DJI_0058.JPG,DJI_0092.JPG,DJI_0093.JPG,DJI_0094.JPG,DJI_0107.JPG,DJI_0108.JPG,DJI_0109.JPG,DJI_0110.JPG,DJI_0144.JPG,DJI_0145.JPG,DJI_0146.JPG,DJI_0147.JPG,DJI_0160.JPG,DJI_0161.JPG,DJI_0162.JPG,DJI_0198.JPG,DJI_0199.JPG,DJI_0200.JPG,DJI_0213.JPG,DJI_0214.JPG
30,DJI_0044.JPG,DJI_0045.JPG,DJI_0057.JPG,DJI_0058.JPG,DJI_0091.JPG,DJI_0092.JPG,DJI_0093.JPG,DJI_0094.JPG,DJI_0107.JPG,DJI_0108.JPG,DJI_0109.JPG,DJI_0110.JPG,DJI_0144.JPG,DJI_0145.JPG,DJI_0146.JPG,DJI_0147.JPG,DJI_0160.JPG,DJI_0161.JPG,DJI_0162.JPG,DJI_0198.JPG,DJI_0199.JPG,DJI_0200.JPG,DJI_0213.JPG,DJI_0214.JPG
31,DJI_0044.JPG,DJI_0045.JPG,DJI_0057.JPG,DJI_0058.JPG,DJI_0091.JPG,DJI_0092.JPG,DJI_0093.JPG,DJI_0094.JPG,DJI_0107.JPG,DJI_0108.JPG,DJI_0109.JPG,DJI_0110.JPG,DJI_0144.JPG,DJI_0145.JPG,DJI_0146.JPG,DJI_0147.JPG,DJI_0160.JPG,DJI_0161.JPG,DJI_0162.JPG,DJI_0163.JPG,DJI_0198.JPG,DJI_0199.JPG,DJI_0200.JPG,DJI_0213.JPG,DJI_0214.JPG,DJI_0215.JPG
32,DJI_0045.JPG,DJI_0057.JPG,DJI_0058.JPG,DJI_0091.JPG,DJI_0092.JPG,DJI_0093.JPG,DJI_0094.JPG,DJI_0107.JPG,DJI_0108.JPG,DJI_0109.JPG,DJI_0110.JPG,DJI_0144.JPG,DJI_0145.JPG,DJI_0146.JPG,DJI_0147.JPG,DJI_0160.JPG,DJI_0161.JPG,DJI_0162.JPG,DJI_0163.JPG,DJI_0198.JPG,DJI_0199.JPG,DJI_0200.JPG,DJI_0213.JPG,DJI_0214.JPG,DJI_0215.JPG
33,DJI_0045.JPG,DJI_0057.JPG,DJI_0058.JPG,DJI_0091.JPG,DJI_0092.JPG,DJI_0093.JPG,DJI_0094.JPG,DJI_0107.JPG,DJI_0108.JPG,DJI_0109.JPG,DJI_0110.JPG,DJI_0144.JPG,DJI_0145.JPG,DJI_0146.JPG,DJI_0147.JPG,DJI_0160.JPG,DJI_0161.JPG,DJI_0162.JPG,DJI_0163.JPG,DJI_0198.JPG,DJI_0199.JPG,DJI_0200.JPG,DJI_0213.JPG,DJI_0214.JPG,DJI_0215.JPG
34,DJI_0058.JPG,DJI_0091.JPG,DJI_0092.JPG,DJI_0093.JPG,DJI_0094.JPG,DJI_0107.JPG,DJI_0108.JPG,DJI_0109.JPG,DJI_0110.JPG,DJI_0144.JPG,DJI_0145.JPG,DJI_0146.JPG,DJI_0147.JPG,DJI_0160.JPG,DJI_0161.JPG,DJI_0162.JPG,DJI_0163.JPG,DJI_0198.JPG,DJI_0199.JPG,DJI_0200.JPG,DJI_0213.JPG,DJI_0214.JPG,DJI_0215.JPG
35,DJI_0058.JPG,DJI_0091.JPG,DJI_0092.JPG,DJI_0093.JPG,DJI_0094.JPG,DJI_0107.JPG,DJI_0108.JPG,DJI_0109.JPG,DJI_0110.JPG,DJI_0144.JPG,DJI_0145.JPG,DJI_0146.JPG,DJI_0147.JPG,DJI_0160.JPG,DJI_0161.JPG,DJI_0162.JPG,DJI_0163.JPG,DJI_0198.JPG,DJI_0199.JPG,DJI_0200.JPG,DJI_0213.JPG,DJI_0214.JPG,DJI_0215.JPG,DJI_0253.JPG
36,DJI_0058.JPG,DJI_0092.JPG,DJI_0093.JPG,DJI_0094.JPG,DJI_0107.JPG,DJI_0108.JPG,DJI_0109.JPG,DJI_0110.JPG,DJI_0144.JPG,DJI_0145.JPG,DJI_0146.JPG,DJI_0147.JPG,DJI_0160.JPG,DJI_0161.JPG,DJI_0162.JPG,DJI_0163.JPG,DJI_0198.JPG,DJI_0199.JPG,DJI_0200.JPG,DJI_0213.JPG,DJI_0214.JPG,DJI_0215.JPG,DJI_0252.JPG,DJI_0253.JPG
37,DJI_0058.JPG,DJI_0092.JPG,DJI_0093.JPG,DJI_0094.JPG,DJI_0107.JPG,DJI_0108.JPG,DJI_0109.JPG,DJI_0110.JPG,DJI_0144.JPG,DJI_0145.JPG,DJI_0146.JPG,DJI_0147.JPG,DJI_0160.JPG,DJI_0161.JPG,DJI_0162.JPG,DJI_0163.JPG,DJI_0198.JPG,DJI_0199.JPG,DJI_0200.JPG,DJI_0213.JPG,DJI_0214.JPG,DJI_0215.JPG,DJI_0252.JPG,DJI_0253.JPG
38,DJI_0058.JPG,DJI_0092.JPG,DJI_0093.JPG,DJI_0094.JPG,DJI_0107.JPG,DJI_0108.JPG,DJI_0109.JPG,DJI_0110.JPG,DJI_0144.JPG,DJI_0145.JPG,DJI_0146.JPG,DJI_0147.JPG,DJI_0160.JPG,DJI_0161.JPG,DJI_0162.JPG,DJI_0163.JPG,DJI_0198.JPG,DJI_0199.JPG,DJI_0200.JPG,DJI_0213.JPG,DJI_0214.JPG,DJI_0215.JPG,DJI_0252.JPG,DJI_0253.JPG
39,DJI_0092.JPG,DJI_0093.JPG,DJI_0094.JPG,DJI_0107.JPG,DJI_0108.JPG,DJI_0109.JPG,DJI_0110.JPG,DJI_0144.JPG,DJI_0145.JPG,DJI_0146.JPG,DJI_0147.JPG,DJI_0160.JPG,DJI_0161.JPG,DJI_0162.JPG,DJI_0163.JPG,DJI_0198.JPG,DJI_0199.JPG,DJI_0200.JPG,DJI_0213.JPG,DJI_0214.JPG,DJI_0215.JPG,DJI_0252.JPG,DJI_0253.JPG
40,DJI_0092.JPG,DJI_0093.JPG,DJI_0094.JPG,DJI_0107.JPG,DJI_0108.JPG,DJI_0109.JPG,DJI_0110.JPG,DJI_0144.JPG,DJI_0145.JPG,DJI_0146.JPG,DJI_0147.JPG,DJI_0160.JPG,DJI_0161.JPG,DJI_0162.JPG,DJI_0163.JPG,DJI_0198.JPG,DJI_0199.JPG,DJI_0200.JPG,DJI_0213.JPG,DJI_0214.JPG,DJI_0215.JPG,DJI_0252.JPG,DJI_0253.JPG
41,DJI_0092.JPG,DJI_0093.JPG,DJI_0094.JPG,DJI_0107.JPG,DJI_0108.JPG,DJI_0109.JPG,DJI_0110.JPG,DJI_0144.JPG,DJI_0145.JPG,DJI_0146.JPG,DJI_0147.JPG,DJI_0160.JPG,DJI_0161.JPG,DJI_0162.JPG,DJI_0163.JPG,DJI_0198.JPG,DJI_0199.JPG,DJI_0200.JPG,DJI_0201.JPG,DJI_0213.JPG,DJI_0214.JPG,DJI_0215.JPG,DJI_0252.JPG,DJI_0253.JPG,DJI_0254.JPG
42,DJI_0092.JPG,DJI_0093.JPG,DJI_0094.JPG,DJI_0107.JPG,DJI_0108.JPG,DJI_0109.JPG,DJI_0144.JPG,DJI_0145.JPG,DJI_0146.JPG,DJI_0147.JPG,DJI_0160.JPG,DJI_0161.JPG,DJI_0162.JPG,DJI_0163.JPG,DJI_0198.JPG,DJI_0199.JPG,DJI_0200.JPG,DJI_0201.JPG,DJI_0213.JPG,DJI_0214.JPG,DJI_0215.JPG,DJI_0252.JPG,DJI_0253.JPG,DJI_0254.JPG,DJI_0267.JPG
43,DJI_0092.JPG,DJI_0093.JPG,DJI_0094.JPG,DJI_0107.JPG,DJI_0108.JPG,DJI_0109.JPG,DJI_0145.JPG,DJI_0146.JPG,DJI_0147.JPG,DJI_0159.JPG,DJI_0160.JPG,DJI_0161.JPG,DJI_0162.JPG,DJI_0198.JPG,DJI_0199.JPG,DJI_0200.JPG,DJI_0201.JPG,DJI_0212.JPG,DJI_0213.JPG,DJI_0214.JPG,DJI_0215.JPG,DJI_0252.JPG,DJI_0253.JPG,DJI_0254.JPG,DJI_0267.JPG
44,DJI_0093.JPG,DJI_0094.JPG,DJI_0107.JPG,DJI_0108.JPG,DJI_0109.JPG,DJI_0145.JPG,DJI_0146.JPG,DJI_0147.JPG,DJI_0159.JPG,DJI_0160.JPG,DJI_0161.JPG,DJI_0162.JPG,DJI_0198.JPG,DJI_0199.JPG,DJI_0200.JPG,DJI_0201.JPG,DJI_0212.JPG,DJI_0213.JPG,DJI_0214.JPG,DJI_0215.JPG,DJI_0252.JPG,DJI_0253.JPG,DJI_0254.JPG,DJI_0266.JPG,DJI_0267.JPG
45,DJI_0093.JPG,DJI_0094.JPG,DJI_0107.JPG,DJI_0108.JPG,DJI_0109.JPG,DJI_0145.JPG,DJI_0146.JPG,DJI_0147.JPG,DJI_0148.JPG,DJI_0159.JPG,DJI_0160.JPG,DJI_0161.JPG,DJI_0162.JPG,DJI_0198.JPG,DJI_0199.JPG,DJI_0200.JPG,DJI_0201.JPG,DJI_0212.JPG,DJI_0213.JPG,DJI_0214.JPG,DJI_0215.JPG,DJI_0252.JPG,DJI_0253.JPG,DJI_0254.JPG,DJI_0266.JPG,DJI_0267.JPG
46,DJI_0093.JPG,DJI_0094.JPG,DJI_0107.JPG,DJI_0108.JPG,DJI_0109.JPG,DJI_0145.JPG,DJI_0146.JPG,DJI_0147.JPG,DJI_0148.JPG,DJI_0159.JPG,DJI_0160.JPG,DJI_0161.JPG,DJI_0162.JPG,DJI_0198.JPG,DJI_0199.JPG,DJI_0200.JPG,DJI_0201.JPG,DJI_0212.JPG,DJI_0213.JPG,DJI_0214.JPG,DJI_0215.JPG,DJI_0252.JPG,DJI_0253.JPG,DJI_0254.JPG,DJI_0255.JPG,DJI_0266.JPG,DJI_0267.JPG
47,DJI_0093.JPG,DJI_0094.JPG,DJI_0107.JPG,DJI_0108.JPG,DJI_0109.JPG,DJI_0145.JPG,DJI_0146.JPG,DJI_0147.JPG,DJI_0148.JPG,DJI_0159.JPG,DJI_0160.JPG,DJI_0161.JPG,DJI_0162.JPG,DJI_0198.JPG,DJI_0199.JPG,DJI_0200.JPG,DJI_0201.JPG,DJI_0212.JPG,DJI_0213.JPG,DJI_0214.JPG,DJI_0215.JPG,DJI_0252.JPG,DJI_0253.JPG,DJI_0254.JPG,DJI_0255.JPG,DJI_0266.JPG,DJI_0267.JPG
48,DJI_0107.JPG,DJI_0108.JPG,DJI_0109.JPG,DJI_0145.JPG,DJI_0146.JPG,DJI_0147.JPG,DJI_0148.JPG,DJI_0159.JPG,DJI_0160.JPG,DJI_0161.JPG,DJI_0162.JPG,DJI_0198.JPG,DJI_0199.JPG,DJI_0200.JPG,DJI_0201.JPG,DJI_0212.JPG,DJI_0213.JPG,DJI_0214.JPG,DJI_0215.JPG,DJI_0252.JPG,DJI_0253.JPG,DJI_0254.JPG,DJI_0255.JPG,DJI_0266.JPG,DJI_0267.JPG
49,DJI_0107.JPG,DJI_0108.JPG,DJI_0145.JPG,DJI_0146.JPG,DJI_0147.JPG,DJI_0148.JPG,DJI_0159.JPG,DJI_0160.JPG,DJI_0161.JPG,DJI_0162.JPG,DJI_0198.JPG,DJI_0199.JPG,DJI_0200.JPG,DJI_0201.JPG,DJI_0212.JPG,DJI_0213.JPG,DJI_0214.JPG,DJI_0215.JPG,DJI_0252.JPG,DJI_0253.JPG,DJI_0254.JPG,DJI_0255.JPG,DJI_0266.JPG,DJI_0267.JPG
50,DJI_0107.JPG,DJI_0108.JPG,DJI_0146.JPG,DJI_0147.JPG,DJI_0148.JPG,DJI_0159.JPG,DJI_0160.JPG,DJI_0161.JPG,DJI_0162.JPG,DJI_0199.JPG,DJI_0200.JPG,DJI_0201.JPG,DJI_0212.JPG,DJI_0213.JPG,DJI_0214.JPG,DJI_0252.JPG,DJI_0253.JPG,DJI_0254.JPG,DJI_0255.JPG,DJI_0265.JPG,DJI_0266.JPG,DJI_0267.JPG,DJI_0309.JPG,DJI_0310.JPG
51,DJI_0107.JPG,DJI_0108.JPG,DJI_0146.JPG,DJI_0147.JPG,DJI_0148.JPG,DJI_0159.JPG,DJI_0160.JPG,DJI_0161.JPG,DJI_0162.JPG,DJI_0199.JPG,DJI_0200.JPG,DJI_0201.JPG,DJI_0202.JPG,DJI_0211.JPG,DJI_0212.JPG,DJI_0213.JPG,DJI_0214.JPG,DJI_0253.JPG,DJI_0254.JPG,DJI_0255.JPG,DJI_0265.JPG,DJI_0266.JPG,DJI_0267.JPG,DJI_0309.JPG,DJI_0310.JPG
52,DJI_0107.JPG,DJI_0108.JPG,DJI_0146.JPG,DJI_0147.JPG,DJI_0148.JPG,DJI_0159.JPG,DJI_0160.JPG,DJI_0161.JPG,DJI_0199.JPG,DJI_0200.JPG,DJI_0201.JPG,DJI_0202.JPG,DJI_0211.JPG,DJI_0212.JPG,DJI_0213.JPG,DJI_0214.JPG,DJI_0253.JPG,DJI_0254.JPG,DJI_0255.JPG,DJI_0265.JPG,DJI_0266.JPG,DJI_0267.JPG,DJI_0309.JPG,DJI_0310.JPG
53,DJI_0107.JPG,DJI_0108.JPG,DJI_0146.JPG,DJI_0147.JPG,DJI_0148.JPG,DJI_0159.JPG,DJI_0160.JPG,DJI_0161.JPG,DJI_0199.JPG,DJI_0200.JPG,DJI_0201.JPG,DJI_0202.JPG,DJI_0211.JPG,DJI_0212.JPG,DJI_0213.JPG,DJI_0214.JPG,DJI_0253.JPG,DJI_0254.JPG,DJI_0255.JPG,DJI_0265.JPG,DJI_0266.JPG,DJI_0267.JPG,DJI_0309.JPG,DJI_0310.JPG
54,DJI_0107.JPG,DJI_0146.JPG,DJI_0147.JPG,DJI_0148.JPG,DJI_0159.JPG,DJI_0160.JPG,DJI_0161.JPG,DJI_0199.JPG,DJI_0200.JPG,DJI_0201.JPG,DJI_0202.JPG,DJI_0211.JPG,DJI_0212.JPG,DJI_0213.JPG,DJI_0214.JPG,DJI_0253.JPG,DJI_0254.JPG,DJI_0255.JPG,DJI_0265.JPG,DJI_0266.JPG,DJI_0267.JPG,DJI_0309.JPG,DJI_0310.JPG,DJI_0311.JPG
55,DJI_0107.JPG,DJI_0146.JPG,DJI_0147.JPG,DJI_0148.JPG,DJI_0159.JPG,DJI_0160.JPG,DJI_0161.JPG,DJI_0199.JPG,DJI_0200.JPG,DJI_0201.JPG,DJI_0202.JPG,DJI_0211.JPG,DJI_0212.JPG,DJI_0213.JPG,DJI_0214.JPG,DJI_0253.JPG,DJI_0254.JPG,DJI_0255.JPG,DJI_0256.JPG,DJI_0265.JPG,DJI_0266.JPG,DJI_0267.JPG,DJI_0309.JPG,DJI_0310.JPG,DJI_0311.JPG
56,DJI_0146.JPG,DJI_0147.JPG,DJI_0148.JPG,DJI_0159.JPG,DJI_0160.JPG,DJI_0161.JPG,DJI_0199.JPG,DJI_0200.JPG,DJI_0201.JPG,DJI_0202.JPG,DJI_0211.JPG,DJI_0212.JPG,DJI_0213.JPG,DJI_0214.JPG,DJI_0253.JPG,DJI_0254.JPG,DJI_0255.JPG,DJI_0256.JPG,DJI_0265.JPG,DJI_0266.JPG,DJI_0267.JPG,DJI_0309.JPG,DJI_0310.JPG,DJI_0311.JPG,DJI_0323.JPG
57,DJI_0146.JPG,DJI_0147.JPG,DJI_0148.JPG,DJI_0159.JPG,DJI_0160.JPG,DJI_0161.JPG,DJI_0199.JPG,DJI_0200.JPG,DJI_0201.JPG,DJI_0202.JPG,DJI_0211.JPG,DJI_0212.JPG,DJI_0213.JPG,DJI_0214.JPG,DJI_0253.JPG,DJI_0254.JPG,DJI_0255.JPG,DJI_0256.JPG,DJI_0265.JPG,DJI_0266.JPG,DJI_0267.JPG,DJI_0309.JPG,DJI_0310.JPG,DJI_0311.JPG,DJI_0323.JPG
58,DJI_0147.JPG,DJI_0148.JPG,DJI_0159.JPG,DJI_0160.JPG,DJI_0161.JPG,DJI_0199.JPG,DJI_0200.JPG,DJI_0201.JPG,DJI_0202.JPG,DJI_0211.JPG,DJI_0212.JPG,DJI_0213.JPG,DJI_0214.JPG,DJI_0253.JPG,DJI_0254.JPG,DJI_0255.JPG,DJI_0256.JPG,DJI_0264.JPG,DJI_0265.JPG,DJI_0266.JPG,DJI_0267.JPG,DJI_0309.JPG,DJI_0310.JPG,DJI_0311.JPG,DJI_0323.JPG
59,DJI_0147.JPG,DJI_0148.JPG,DJI_0159.JPG,DJI_0160.JPG,DJI_0161.JPG,DJI_0199.JPG,DJI_0200.JPG,DJI_0201.JPG,DJI_0202.JPG,DJI_0211.JPG,DJI_0212.JPG,DJI_0213.JPG,DJI_0214.JPG,DJI_0253.JPG,DJI_0254.JPG,DJI_0255.JPG,DJI_0256.JPG,DJI_0264.JPG,DJI_0265.JPG,DJI_0266.JPG,DJI_0267.JPG,DJI_0309.JPG,DJI_0310.JPG,DJI_0311.JPG,DJI_0322.JPG,DJI_0323.JPG,DJI_0324.JPG
60,DJI_0159.JPG,DJI_0160.JPG,DJI_0200.JPG,DJI_0201.JPG,DJI_0202.JPG,DJI_0211.JPG,DJI_0212.JPG,DJI_0213.JPG,DJI_0214.JPG,DJI_0253.JPG,DJI_0254.JPG,DJI_0255.JPG,DJI_0256.JPG,DJI_0264.JPG,DJI_0265.JPG,DJI_0266.JPG,DJI_0267.JPG,DJI_0309.JPG,DJI_0310.JPG,DJI_0311.JPG,DJI_0312.JPG,DJI_0322.JPG,DJI_0323.JPG,DJI_0324.JPG,DJI_0370.JPG
61,DJI_0200.JPG,DJI_0201.JPG,DJI_0202.JPG,DJI_0211.JPG,DJI_0212.JPG,DJI_0213.JPG,DJI_0254.JPG,DJI_0255.JPG,DJI_0256.JPG,DJI_0264.JPG,DJI_0265.JPG,DJI_0266.JPG,DJI_0267.JPG,DJI_0309.JPG,DJI_0310.JPG,DJI_0311.JPG,DJI_0312.JPG,DJI_0321.JPG,DJI_0322.JPG,DJI_0323.JPG,DJI_0324.JPG,DJI_0370.JPG,DJI_0371.JPG
62,DJI_0200.JPG,DJI_0201.JPG,DJI_0202.JPG,DJI_0211.JPG,DJI_0212.JPG,DJI_0213.JPG,DJI_0254.JPG,DJI_0255.JPG,DJI_0256.JPG,DJI_0264.JPG,DJI_0265.JPG,DJI_0266.JPG,DJI_0267.JPG,DJI_0309.JPG,DJI_0310.JPG,DJI_0311.JPG,DJI_0312.JPG,DJI_0321.JPG,DJI_0322.JPG,DJI_0323.JPG,DJI_0324.JPG,DJI_0370.JPG,DJI_0371.JPG,DJI_0372.JPG,DJI_0381.JPG
63,DJI_0201.JPG,DJI_0202.JPG,DJI_0211.JPG,DJI_0212.JPG,DJI_0213.JPG,DJI_0254.JPG,DJI_0255.JPG,DJI_0256.JPG,DJI_0263.JPG,DJI_0264.JPG,DJI_0265.JPG,DJI_0266.JPG,DJI_0310.JPG,DJI_0311.JPG,DJI_0312.JPG,DJI_0313.JPG,DJI_0321.JPG,DJI_0322.JPG,DJI_0323.JPG,DJI_0324.JPG,DJI_0370.JPG,DJI_0371.JPG,DJI_0372.JPG,DJI_0380.JPG,DJI_0381.JPG,DJI_0382.JPG
64,DJI_0255.JPG,DJI_0256.JPG,DJI_0263.JPG,DJI_0264.JPG,DJI_0265.JPG,DJI_0266.JPG,DJI_0310.JPG,DJI_0311.JPG,DJI_0312.JPG,DJI_0313.JPG,DJI_0320.JPG,DJI_0321.JPG,DJI_0322.JPG,DJI_0323.JPG,DJI_0370.JPG,DJI_0371.JPG,DJI_0372.JPG,DJI_0373.JPG,DJI_0379.JPG,DJI_0380.JPG,DJI_0381.JPG,DJI_0382.JPG,DJI_0383.JPG,DJI_0431.JPG,DJI_0432.JPG,DJI_0433.JPG,DJI_0443.JPG,DJI_0444.JPG
65,DJI_0264.JPG,DJI_0311.JPG,DJI_0312.JPG,DJI_0313.JPG,DJI_0320.JPG,DJI_0321.JPG,DJI_0322.JPG,DJI_0323.JPG,DJI_0370.JPG,DJI_0371.JPG,DJI_0372.JPG,DJI_0373.JPG,DJI_0379.JPG,DJI_0380.JPG,DJI_0381.JPG,DJI_0382.JPG,DJI_0431.JPG,DJI_0432.JPG,DJI_0433.JPG,DJI_0434.JPG,DJI_0442.JPG,DJI_0443.JPG,DJI_0444.JPG,DJI_0496.JPG,DJI_0497.JPG
66,DJI_0311.JPG,DJI_0312.JPG,DJI_0320.JPG,DJI_0321.JPG,DJI_0322.JPG,DJI_0323.JPG,DJI_0370.JPG,DJI_0371.JPG,DJI_0372.JPG,DJI_0373.JPG,DJI_0379.JPG,DJI_0380.JPG,DJI_0381.JPG,DJI_0382.JPG,DJI_0431.JPG,DJI_0432.JPG,DJI_0433.JPG,DJI_0434.JPG,DJI_0442.JPG,DJI_0443.JPG,DJI_0444.JPG,DJI_0495.JPG,DJI_0496.JPG,DJI_0497.JPG,DJI_0507.JPG,DJI_0508.JPG
67,DJI_0311.JPG,DJI_0312.JPG,DJI_0320.JPG,DJI_0321.JPG,DJI_0322.JPG,DJI_0323.JPG,DJI_0370.JPG,DJI_0371.JPG,DJI_0372.JPG,DJI_0373.JPG,DJI_0379.JPG,DJI_0380.JPG,DJI_0381.JPG,DJI_0382.JPG,DJI_0431.JPG,DJI_0432.JPG,DJI_0433.JPG,DJI_0434.JPG,DJI_0442.JPG,DJI_0443.JPG,DJI_0444.JPG,DJI_0445.JPG,DJI_0495.JPG,DJI_0496.JPG,DJI_0497.JPG,DJI_0507.JPG,DJI_0508.JPG
68,DJI_0311.JPG,DJI_0312.JPG,DJI_0320.JPG,DJI_0321.JPG,DJI_0322.JPG,DJI_0323.JPG,DJI_0370.JPG,DJI_0371.JPG,DJI_0372.JPG,DJI_0373.JPG,DJI_0379.JPG,DJI_0380.JPG,DJI_0381.JPG,DJI_0382.JPG,DJI_0431.JPG,DJI_0432.JPG,DJI_0433.JPG,DJI_0434.JPG,DJI_0442.JPG,DJI_0443.JPG,DJI_0444.JPG,DJI_0445.JPG,DJI_0495.JPG,DJI_0496.JPG,DJI_0497.JPG,DJI_0507.JPG,DJI_0508.JPG
69,DJI_0311.JPG,DJI_0312.JPG,DJI_0320.JPG,DJI_0321.JPG,DJI_0322.JPG,DJI_0370.JPG,DJI_0371.JPG,DJI_0372.JPG,DJI_0373.JPG,DJI_0379.JPG,DJI_0380.JPG,DJI_0381.JPG,DJI_0382.JPG,DJI_0431.JPG,DJI_0432.JPG,DJI_0433.JPG,DJI_0434.JPG,DJI_0442.JPG,DJI_0443.JPG,DJI_0444.JPG,DJI_0445.JPG,DJI_0495.JPG,DJI_0496.JPG,DJI_0497.JPG,DJI_0507.JPG,DJI_0508.JPG
70,DJI_0312.JPG,DJI_0321.JPG,DJI_0322.JPG,DJI_0370.JPG,DJI_0371.JPG,DJI_0372.JPG,DJI_0373.JPG,DJI_0379.JPG,DJI_0380.JPG,DJI_0381.JPG,DJI_0382.JPG,DJI_0431.JPG,DJI_0432.JPG,DJI_0433.JPG,DJI_0434.JPG,DJI_0442.JPG,DJI_0443.JPG,DJI_0444.JPG,DJI_0445.JPG,DJI_0495.JPG,DJI_0496.JPG,DJI_0497.JPG,DJI_0498.JPG,DJI_0507.JPG,DJI_0508.JPG
71,DJI_0321.JPG,DJI_0322.JPG,DJI_0370.JPG,DJI_0371.JPG,DJI_0372.JPG,DJI_0373.JPG,DJI_0379.JPG,DJI_0380.JPG,DJI_0381.JPG,DJI_0382.JPG,DJI_0431.JPG,DJI_0432.JPG,DJI_0433.JPG,DJI_0434.JPG,DJI_0442.JPG,DJI_0443.JPG,DJI_0444.JPG,DJI_0445.JPG,DJI_0495.JPG,DJI_0496.JPG,DJI_0497.JPG,DJI_0498.JPG,DJI_0507.JPG,DJI_0508.JPG,DJI_0568.JPG
72,DJI_0321.JPG,DJI_0322.JPG,DJI_0370.JPG,DJI_0371.JPG,DJI_0372.JPG,DJI_0373.JPG,DJI_0379.JPG,DJI_0380.JPG,DJI_0381.JPG,DJI_0382.JPG,DJI_0431.JPG,DJI_0432.JPG,DJI_0433.JPG,DJI_0434.JPG,DJI_0442.JPG,DJI_0443.JPG,DJI_0444.JPG,DJI_0445.JPG,DJI_0495.JPG,DJI_0496.JPG,DJI_0497.JPG,DJI_0498.JPG,DJI_0506.JPG,DJI_0507.JPG,DJI_0508.JPG,DJI_0568.JPG,DJI_0569.JPG
73,DJI_0321.JPG,DJI_0322.JPG,DJI_0370.JPG,DJI_0371.JPG,DJI_0372.JPG,DJI_0373.JPG,DJI_0379.JPG,DJI_0380.JPG,DJI_0381.JPG,DJI_0382.JPG,DJI_0431.JPG,DJI_0432.JPG,DJI_0433.JPG,DJI_0434.JPG,DJI_0442.JPG,DJI_0443.JPG,DJI_0444.JPG,DJI_0445.JPG,DJI_0495.JPG,DJI_0496.JPG,DJI_0497.JPG,DJI_0498.JPG,DJI_0506.JPG,DJI_0507.JPG,DJI_0508.JPG,DJI_0509.JPG,DJI_0568.JPG,DJI_0569.JPG
74,DJI_0321.JPG,DJI_0322.JPG,DJI_0371.JPG,DJI_0372.JPG,DJI_0373.JPG,DJI_0379.JPG,DJI_0380.JPG,DJI_0381.JPG,DJI_0382.JPG,DJI_0431.JPG,DJI_0432.JPG,DJI_0433.JPG,DJI_0434.JPG,DJI_0442.JPG,DJI_0443.JPG,DJI_0444.JPG,DJI_0445.JPG,DJI_0495.JPG,DJI_0496.JPG,DJI_0497.JPG,DJI_0498.JPG,DJI_0506.JPG,DJI_0507.JPG,DJI_0508.JPG,DJI_0509.JPG,DJI_0568.JPG,DJI_0569.JPG
75,DJI_0321.JPG,DJI_0371.JPG,DJI_0372.JPG,DJI_0379.JPG,DJI_0380.JPG,DJI_0381.JPG,DJI_0382.JPG,DJI_0431.JPG,DJI_0432.JPG,DJI_0433.JPG,DJI_0434.JPG,DJI_0442.JPG,DJI_0443.JPG,DJI_0444.JPG,DJI_0445.JPG,DJI_0495.JPG,DJI_0496.JPG,DJI_0497.JPG,DJI_0498.JPG,DJI_0506.JPG,DJI_0507.JPG,DJI_0508.JPG,DJI_0509.JPG,DJI_0568.JPG,DJI_0569.JPG
76,DJI_0371.JPG,DJI_0372.JPG,DJI_0379.JPG,DJI_0380.JPG,DJI_0381.JPG,DJI_0382.JPG,DJI_0431.JPG,DJI_0432.JPG,DJI_0433.JPG,DJI_0434.JPG,DJI_0442.JPG,DJI_0443.JPG,DJI_0444.JPG,DJI_0445.JPG,DJI_0495.JPG,DJI_0496.JPG,DJI_0497.JPG,DJI_0498.JPG,DJI_0506.JPG,DJI_0507.JPG,DJI_0508.JPG,DJI_0509.JPG,DJI_0568.JPG,DJI_0569.JPG,DJI_0581.JPG
77,DJI_0371.JPG,DJI_0372.JPG,DJI_0379.JPG,DJI_0380.JPG,DJI_0381.JPG,DJI_0382.JPG,DJI_0431.JPG,DJI_0432.JPG,DJI_0433.JPG,DJI_0434.JPG,DJI_0442.JPG,DJI_0443.JPG,DJI_0444.JPG,DJI_0445.JPG,DJI_0495.JPG,DJI_0496.JPG,DJI_0497.JPG,DJI_0498.JPG,DJI_0506.JPG,DJI_0507.JPG,DJI_0508.JPG,DJI_0509.JPG,DJI_0568.JPG,DJI_0569.JPG,DJI_0581.JPG
78,DJI_0371.JPG,DJI_0372.JPG,DJI_0379.JPG,DJI_0380.JPG,DJI_0381.JPG,DJI_0382.JPG,DJI_0431.JPG,DJI_0432.JPG,DJI_0433.JPG,DJI_0434.JPG,DJI_0442.JPG,DJI_0443.JPG,DJI_0444.JPG,DJI_0445.JPG,DJI_0495.JPG,DJI_0496.JPG,DJI_0497.JPG,DJI_0498.JPG,DJI_0506.JPG,DJI_0507.JPG,DJI_0508.JPG,DJI_0509.JPG,DJI_0567.JPG,DJI_0568.JPG,DJI_0569.JPG,DJI_0580.JPG,DJI_0581.JPG
79,DJI_0371.JPG,DJI_0372.JPG,DJI_0379.JPG,DJI_0380.JPG,DJI_0381.JPG,DJI_0382.JPG,DJI_0431.JPG,DJI_0432.JPG,DJI_0433.JPG,DJI_0434.JPG,DJI_0442.JPG,DJI_0443.JPG,DJI_0444.JPG,DJI_0445.JPG,DJI_0495.JPG,DJI_0496.JPG,DJI_0497.JPG,DJI_0498.JPG,DJI_0506.JPG,DJI_0507.JPG,DJI_0508.JPG,DJI_0509.JPG,DJI_0567.JPG,DJI_0568.JPG,DJI_0569.JPG,DJI_0580.JPG,DJI_0581.JPG
80,DJI_0453.JPG,DJI_0454.JPG,DJI_0455.JPG,DJI_0484.JPG,DJI_0485.JPG,DJI_0486.JPG,DJI_0487.JPG,DJI_0517.JPG,DJI_0518.JPG,DJI_0519.JPG,DJI_0520.JPG,DJI_0556.JPG,DJI_0557.JPG,DJI_0558.JPG,DJI_0559.JPG,DJI_0590.JPG,DJI_0591.JPG,DJI_0592.JPG,DJI_0593.JPG
81,DJI_0454.JPG,DJI_0455.JPG,DJI_0484.JPG,DJI_0485.JPG,DJI_0486.JPG,DJI_0518.JPG,DJI_0519.JPG,DJI_0520.JPG,DJI_0555.JPG,DJI_0556.JPG,DJI_0557.JPG,DJI_0558.JPG,DJI_0591.JPG,DJI_0592.JPG,DJI_0593.JPG,DJI_0594.JPG
82,DJI_0454.JPG,DJI_0455.JPG,DJI_0456.JPG,DJI_0483.JPG,DJI_0484.JPG,DJI_0485.JPG,DJI_0486.JPG,DJI_0518.JPG,DJI_0519.JPG,DJI_0520.JPG,DJI_0521.JPG,DJI_0555.JPG,DJI_0556.JPG,DJI_0557.JPG,DJI_0558.JPG,DJI_0591.JPG,DJI_0592.JPG,DJI_0593.JPG,DJI_0594.JPG
83,DJI_0455.JPG,DJI_0456.JPG,DJI_0483.JPG,DJI_0484.JPG,DJI_0485.JPG,DJI_0518.JPG,DJI_0519.JPG,DJI_0520.JPG,DJI_0521.JPG,DJI_0555.JPG,DJI_0556.JPG,DJI_0557.JPG,DJI_0558.JPG,DJI_0592.JPG,DJI_0593.JPG,DJI_0594.JPG
84,DJI_0420.JPG,DJI_0455.JPG,DJI_0456.JPG,DJI_0457.JPG,DJI_0482.JPG,DJI_0483.JPG,DJI_0484.JPG,DJI_0485.JPG,DJI_0519.JPG,DJI_0520.JPG,DJI_0521.JPG,DJI_0522.JPG,DJI_0554.JPG,DJI_0555.JPG,DJI_0556.JPG,DJI_0557.JPG,DJI_0592.JPG,DJI_0593.JPG,DJI_0594.JPG,DJI_0595.JPG
85,DJI_0418.JPG,DJI_0457.JPG,DJI_0458.JPG,DJI_0459.JPG,DJI_0481.JPG,DJI_0482.JPG,DJI_0483.JPG,DJI_0521.JPG,DJI_0522.JPG,DJI_0523.JPG,DJI_0552.JPG,DJI_0553.JPG,DJI_0554.JPG,DJI_0555.JPG,DJI_0594.JPG,DJI_0595.JPG,DJI_0596.JPG,DJI_0597.JPG
86,DJI_0417.JPG,DJI_0458.JPG,DJI_0459.JPG,DJI_0460.JPG,DJI_0479.JPG,DJI_0480.JPG,DJI_0481.JPG,DJI_0482.JPG,DJI_0522.JPG,DJI_0523.JPG,DJI_0524.JPG,DJI_0525.JPG,DJI_0551.JPG,DJI_0552.JPG,DJI_0553.JPG,DJI_0554.JPG,DJI_0595.JPG,DJI_0596.JPG,DJI_0597.JPG,DJI_0598.JPG
87,DJI_0416.JPG,DJI_0417.JPG,DJI_0458.JPG,DJI_0459.JPG,DJI_0460.JPG,DJI_0479.JPG,DJI_0480.JPG,DJI_0481.JPG,DJI_0482.JPG,DJI_0522.JPG,DJI_0523.JPG,DJI_0524.JPG,DJI_0525.JPG,DJI_0551.JPG,DJI_0552.JPG,DJI_0553.JPG,DJI_0554.JPG,DJI_0595.JPG,DJI_0596.JPG,DJI_0597.JPG,DJI_0598.JPG
88,DJI_0416.JPG,DJI_0417.JPG,DJI_0459.JPG,DJI_0460.JPG,DJI_0461.JPG,DJI_0479.JPG,DJI_0480.JPG,DJI_0481.JPG,DJI_0522.JPG,DJI_0523.JPG,DJI_0524.JPG,DJI_0525.JPG,DJI_0551.JPG,DJI_0552.JPG,DJI_0553.JPG,DJI_0554.JPG,DJI_0596.JPG,DJI_0597.JPG,DJI_0598.JPG
89,DJI_0415.JPG,DJI_0416.JPG,DJI_0459.JPG,DJI_0460.JPG,DJI_0461.JPG,DJI_0478.JPG,DJI_0479.JPG,DJI_0480.JPG,DJI_0481.JPG,DJI_0523.JPG,DJI_0524.JPG,DJI_0525.JPG,DJI_0526.JPG,DJI_0550.JPG,DJI_0551.JPG,DJI_0552.JPG,DJI_0553.JPG,DJI_0596.JPG,DJI_0597.JPG,DJI_0598.JPG,DJI_0599.JPG
90,DJI_0414.JPG,DJI_0415.JPG,DJI_0416.JPG,DJI_0460.JPG,DJI_0461.JPG,DJI_0462.JPG,DJI_0477.JPG,DJI_0478.JPG,DJI_0479.JPG,DJI_0480.JPG,DJI_0524.JPG,DJI_0525.JPG,DJI_0526.JPG,DJI_0527.JPG,DJI_0540.JPG,DJI_0549.JPG,DJI_0550.JPG,DJI_0551.JPG,DJI_0552.JPG,DJI_0597.JPG,DJI_0598.JPG,DJI_0599.JPG,DJI_0600.JPG
91,DJI_0414.JPG,DJI_0415.JPG,DJI_0460.JPG,DJI_0461.JPG,DJI_0462.JPG,DJI_0463.JPG,DJI_0477.JPG,DJI_0478.JPG,DJI_0479.JPG,DJI_0480.JPG,DJI_0524.JPG,DJI_0525.JPG,DJI_0526.JPG,DJI_0527.JPG,DJI_0540.JPG,DJI_0549.JPG,DJI_0550.JPG,DJI_0551.JPG,DJI_0552.JPG,DJI_0598.JPG,DJI_0599.JPG,DJI_0600.JPG
92,DJI_0399.JPG,DJI_0413.JPG,DJI_0414.JPG,DJI_0415.JPG,DJI_0460.JPG,DJI_0461.JPG,DJI_0462.JPG,DJI_0463.JPG,DJI_0477.JPG,DJI_0478.JPG,DJI_0479.JPG,DJI_0524.JPG,DJI_0525.JPG,DJI_0526.JPG,DJI_0527.JPG,DJI_0540.JPG,DJI_0549.JPG,DJI_0550.JPG,DJI_0551.JPG,DJI_0552.JPG,DJI_0598.JPG,DJI_0599.JPG,DJI_0600.JPG
93,DJI_0399.JPG,DJI_0413.JPG,DJI_0414.JPG,DJI_0415.JPG,DJI_0460.JPG,DJI_0461.JPG,DJI_0462.JPG,DJI_0463.JPG,DJI_0476.JPG,DJI_0477.JPG,DJI_0478.JPG,DJI_0479.JPG,DJI_0525.JPG,DJI_0526.JPG,DJI_0527.JPG,DJI_0528.JPG,DJI_0540.JPG,DJI_0549.JPG,DJI_0550.JPG,DJI_0551.JPG,DJI_0598.JPG,DJI_0599.JPG,DJI_0600.JPG
94,DJI_0399.JPG,DJI_0400.JPG,DJI_0413.JPG,DJI_0414.JPG,DJI_0415.JPG,DJI_0461.JPG,DJI_0462.JPG,DJI_0463.JPG,DJI_0476.JPG,DJI_0477.JPG,DJI_0478.JPG,DJI_0479.JPG,DJI_0525.JPG,DJI_0526.JPG,DJI_0527.JPG,DJI_0528.JPG,DJI_0540.JPG,DJI_0548.JPG,DJI_0549.JPG,DJI_0550.JPG,DJI_0551.JPG,DJI_0598.JPG,DJI_0599.JPG,DJI_0600.JPG
95,DJI_0399.JPG,DJI_0400.JPG,DJI_0413.JPG,DJI_0414.JPG,DJI_0415.JPG,DJI_0461.JPG,DJI_0462.JPG,DJI_0463.JPG,DJI_0476.JPG,DJI_0477.JPG,DJI_0478.JPG,DJI_0479.JPG,DJI_0525.JPG,DJI_0526.JPG,DJI_0527.JPG,DJI_0528.JPG,DJI_0540.JPG,DJI_0548.JPG,DJI_0549.JPG,DJI_0550.JPG,DJI_0551.JPG,DJI_0598.JPG,DJI_0599.JPG,DJI_0600.JPG
96,DJI_0352.JPG,DJI_0353.JPG,DJI_0398.JPG,DJI_0399.JPG,DJI_0400.JPG,DJI_0412.JPG,DJI_0413.JPG,DJI_0414.JPG,DJI_0415.JPG,DJI_0461.JPG,DJI_0462.JPG,DJI_0463.JPG,DJI_0464.JPG,DJI_0476.JPG,DJI_0477.JPG,DJI_0478.JPG,DJI_0479.JPG,DJI_0525.JPG,DJI_0526.JPG,DJI_0527.JPG,DJI_0528.JPG,DJI_0540.JPG,DJI_0548.JPG,DJI_0549.JPG,DJI_0550.JPG,DJI_0551.JPG,DJI_0599.JPG,DJI_0600.JPG
97,DJI_0352.JPG,DJI_0353.JPG,DJI_0398.JPG,DJI_0399.JPG,DJI_0400.JPG,DJI_0401.JPG,DJI_0412.JPG,DJI_0413.JPG,DJI_0414.JPG,DJI_0415.JPG,DJI_0461.JPG,DJI_0462.JPG,DJI_0463.JPG,DJI_0464.JPG,DJI_0476.JPG,DJI_0477.JPG,DJI_0478.JPG,DJI_0479.JPG,DJI_0525.JPG,DJI_0526.JPG,DJI_0527.JPG,DJI_0528.JPG,DJI_0540.JPG,DJI_0549.JPG,DJI_0550.JPG,DJI_0551.JPG,DJI_0599.JPG,DJI_0600.JPG
98,DJI_0340.JPG,DJI_0352.JPG,DJI_0353.JPG,DJI_0354.JPG,DJI_0398.JPG,DJI_0399.JPG,DJI_0400.JPG,DJI_0401.JPG,DJI_0412.JPG,DJI_0413.JPG,DJI_0414.JPG,DJI_0415.JPG,DJI_0461.JPG,DJI_0462.JPG,DJI_0463.JPG,DJI_0464.JPG,DJI_0476.JPG,DJI_0477.JPG,DJI_0478.JPG,DJI_0479.JPG,DJI_0525.JPG,DJI_0526.JPG,DJI_0527.JPG,DJI_0528.JPG,DJI_0540.JPG,DJI_0549.JPG,DJI_0550.JPG
99,DJI_0340.JPG,DJI_0341.JPG,DJI_0352.JPG,DJI_0353.JPG,DJI_0354.JPG,DJI_0398.JPG,DJI_0399.JPG,DJI_0400.JPG,DJI_0401.JPG,DJI_0412.JPG,DJI_0413.JPG,DJI_0414.JPG,DJI_0415.JPG,DJI_0461.JPG,DJI_0462.JPG,DJI_0463.JPG,DJI_0464.JPG,DJI_0476.JPG,DJI_0477.JPG,DJI_0478.JPG,DJI_0479.JPG,DJI_0525.JPG,DJI_0526.JPG,DJI_0527.JPG,DJI_0528.JPG,DJI_0540.JPG,DJI_0549.JPG,DJI_0550.JPG
100,DJI_0340.JPG,DJI_0341.JPG,DJI_0352.JPG,DJI_0353.JPG,DJI_0354.JPG,DJI_0398.JPG,DJI_0399.JPG,DJI_0400.JPG,DJI_0401.JPG,DJI_0412.JPG,DJI_0413.JPG,DJI_0414.JPG,DJI_0415.JPG,DJI_0460.JPG,DJI_0461.JPG,DJI_0462.JPG,DJI_0463.JPG,DJI_0476.JPG,DJI_0477.JPG,DJI_0478.JPG,DJI_0479.JPG,DJI_0525.JPG,DJI_0526.JPG,DJI_0527.JPG,DJI_0540.JPG,DJI_0550.JPG
101,DJI_0339.JPG,DJI_0340.JPG,DJI_0341.JPG,DJI_0352.JPG,DJI_0353.JPG,DJI_0354.JPG,DJI_0398.JPG,DJI_0399.JPG,DJI_0400.JPG,DJI_0412.JPG,DJI_0413.JPG,DJI_0414.JPG,DJI_0415.JPG,DJI_0460.JPG,DJI_0461.JPG,DJI_0462.JPG,DJI_0463.JPG,DJI_0476.JPG,DJI_0477.JPG,DJI_0478.JPG,DJI_0479.JPG,DJI_0525.JPG,DJI_0526.JPG,DJI_0527.JPG,DJI_0540.JPG,DJI_0550.JPG
102,DJI_0339.JPG,DJI_0340.JPG,DJI_0341.JPG,DJI_0352.JPG,DJI_0353.JPG,DJI_0354.JPG,DJI_0397.JPG,DJI_0398.JPG,DJI_0399.JPG,DJI_0400.JPG,DJI_0413.JPG,DJI_0414.JPG,DJI_0415.JPG,DJI_0416.JPG,DJI_0460.JPG,DJI_0461.JPG,DJI_0462.JPG,DJI_0463.JPG,DJI_0477.JPG,DJI_0478.JPG,DJI_0479.JPG,DJI_0525.JPG,DJI_0526.JPG,DJI_0527.JPG
103,DJI_0293.JPG,DJI_0294.JPG,DJI_0339.JPG,DJI_0340.JPG,DJI_0341.JPG,DJI_0352.JPG,DJI_0353.JPG,DJI_0354.JPG,DJI_0355.JPG,DJI_0397.JPG,DJI_0398.JPG,DJI_0399.JPG,DJI_0400.JPG,DJI_0413.JPG,DJI_0414.JPG,DJI_0415.JPG,DJI_0416.JPG,DJI_0460.JPG,DJI_0461.JPG,DJI_0462.JPG,DJI_0463.JPG,DJI_0477.JPG,DJI_0478.JPG,DJI_0479.JPG,DJI_0525.JPG,DJI_0526.JPG
104,DJI_0293.JPG,DJI_0294.JPG,DJI_0339.JPG,DJI_0340.JPG,DJI_0341.JPG,DJI_0352.JPG,DJI_0353.JPG,DJI_0354.JPG,DJI_0355.JPG,DJI_0397.JPG,DJI_0398.JPG,DJI_0399.JPG,DJI_0400.JPG,DJI_0413.JPG,DJI_0414.JPG,DJI_0415.JPG,DJI_0416.JPG,DJI_0460.JPG,DJI_0461.JPG,DJI_0462.JPG,DJI_0463.JPG,DJI_0477.JPG,DJI_0478.JPG,DJI_0479.JPG,DJI_0525.JPG,DJI_0526.JPG
105,DJI_0293.JPG,DJI_0294.JPG,DJI_0295.JPG,DJI_0338.JPG,DJI_0339.JPG,DJI_0340.JPG,DJI_0352.JPG,DJI_0353.JPG,DJI_0354.JPG,DJI_0355.JPG,DJI_0397.JPG,DJI_0398.JPG,DJI_0399.JPG,DJI_0400.JPG,DJI_0413.JPG,DJI_0414.JPG,DJI_0415.JPG,DJI_0416.JPG,DJI_0460.JPG,DJI_0461.JPG,DJI_0462.JPG,DJI_0478.JPG,DJI_0479.JPG,DJI_0480.JPG,DJI_0525.JPG,DJI_0526.JPG
106,DJI_0293.JPG,DJI_0294.JPG,DJI_0295.JPG,DJI_0338.JPG,DJI_0339.JPG,DJI_0340.JPG,DJI_0353.JPG,DJI_0354.JPG,DJI_0355.JPG,DJI_0397.JPG,DJI_0398.JPG,DJI_0399.JPG,DJI_0400.JPG,DJI_0414.JPG,DJI_0415.JPG,DJI_0416.JPG,DJI_0459.JPG,DJI_0460.JPG,DJI_0461.JPG,DJI_0462.JPG,DJI_0478.JPG,DJI_0479.JPG,DJI_0480.JPG
107,DJI_0279.JPG,DJI_0280.JPG,DJI_0281.JPG,DJI_0294.JPG,DJI_0295.JPG,DJI_0296.JPG,DJI_0337.JPG,DJI_0338.JPG,DJI_0339.JPG,DJI_0340.JPG,DJI_0353.JPG,DJI_0354.JPG,DJI_0355.JPG,DJI_0356.JPG,DJI_0396.JPG,DJI_0397.JPG,DJI_0398.JPG,DJI_0399.JPG,DJI_0414.JPG,DJI_0415.JPG,DJI_0416.JPG,DJI_0417.JPG,DJI_0459.JPG,DJI_0460.JPG,DJI_0461.JPG,DJI_0479.JPG,DJI_0480.JPG
108,DJI_0279.JPG,DJI_0280.JPG,DJI_0281.JPG,DJI_0294.JPG,DJI_0295.JPG,DJI_0296.JPG,DJI_0337.JPG,DJI_0338.JPG,DJI_0339.JPG,DJI_0340.JPG,DJI_0353.JPG,DJI_0354.JPG,DJI_0355.JPG,DJI_0356.JPG,DJI_0396.JPG,DJI_0397.JPG,DJI_0398.JPG,DJI_0399.JPG,DJI_0415.JPG,DJI_0416.JPG,DJI_0417.JPG,DJI_0459.JPG,DJI_0460.JPG,DJI_0461.JPG,DJI_0480.JPG
109,DJI_0239.JPG,DJI_0279.JPG,DJI_0280.JPG,DJI_0281.JPG,DJI_0294.JPG,DJI_0295.JPG,DJI_0296.JPG,DJI_0297.JPG,DJI_0336.JPG,DJI_0337.JPG,DJI_0338.JPG,DJI_0339.JPG,DJI_0354.JPG,DJI_0355.JPG,DJI_0356.JPG,DJI_0357.JPG,DJI_0396.JPG,DJI_0397.JPG,DJI_0398.JPG,DJI_0415.JPG,DJI_0416.JPG,DJI_0417.JPG,DJI_0459.JPG,DJI_0460.JPG
110,DJI_0225.JPG,DJI_0226.JPG,DJI_0227.JPG,DJI_0240.JPG,DJI_0241.JPG,DJI_0242.JPG,DJI_0277.JPG,DJI_0278.JPG,DJI_0279.JPG,DJI_0280.JPG,DJI_0295.JPG,DJI_0296.JPG,DJI_0297.JPG,DJI_0298.JPG,DJI_0335.JPG,DJI_0336.JPG,DJI_0337.JPG,DJI_0338.JPG,DJI_0355.JPG,DJI_0356.JPG,DJI_0357.JPG,DJI_0358.JPG,DJI_0395.JPG,DJI_0396.JPG,DJI_0397.JPG,DJI_0417.JPG,DJI_0418.JPG
111,DJI_0225.JPG,DJI_0226.JPG,DJI_0227.JPG,DJI_0240.JPG,DJI_0241.JPG,DJI_0242.JPG,DJI_0277.JPG,DJI_0278.JPG,DJI_0279.JPG,DJI_0280.JPG,DJI_0295.JPG,DJI_0296.JPG,DJI_0297.JPG,DJI_0298.JPG,DJI_0335.JPG,DJI_0336.JPG,DJI_0337.JPG,DJI_0338.JPG,DJI_0355.JPG,DJI_0356.JPG,DJI_0357.JPG,DJI_0358.JPG,DJI_0395.JPG,DJI_0396.JPG
112,DJI_0187.JPG,DJI_0225.JPG,DJI_0226.JPG,DJI_0227.JPG,DJI_0240.JPG,DJI_0241.JPG,DJI_0242.JPG,DJI_0277.JPG,DJI_0278.JPG,DJI_0279.JPG,DJI_0280.JPG,DJI_0295.JPG,DJI_0296.JPG,DJI_0297.JPG,DJI_0298.JPG,DJI_0335.JPG,DJI_0336.JPG,DJI_0337.JPG,DJI_0338.JPG,DJI_0355.JPG,DJI_0356.JPG,DJI_0357.JPG,DJI_0358.JPG,DJI_0395.JPG,DJI_0396.JPG
113,DJI_0187.JPG,DJI_0225.JPG,DJI_0226.JPG,DJI_0227.JPG,DJI_0240.JPG,DJI_0241.JPG,DJI_0242.JPG,DJI_0277.JPG,DJI_0278.JPG,DJI_0279.JPG,DJI_0280.JPG,DJI_0295.JPG,DJI_0296.JPG,DJI_0297.JPG,DJI_0298.JPG,DJI_0335.JPG,DJI_0336.JPG,DJI_0337.JPG,DJI_0338.JPG,DJI_0355.JPG,DJI_0356.JPG,DJI_0357.JPG,DJI_0358.JPG,DJI_0395.JPG,DJI_0396.JPG
114,DJI_0187.JPG,DJI_0225.JPG,DJI_0226.JPG,DJI_0227.JPG,DJI_0240.JPG,DJI_0241.JPG,DJI_0242.JPG,DJI_0277.JPG,DJI_0278.JPG,DJI_0279.JPG,DJI_0280.JPG,DJI_0295.JPG,DJI_0296.JPG,DJI_0297.JPG,DJI_0298.JPG,DJI_0335.JPG,DJI_0336.JPG,DJI_0337.JPG,DJI_0338.JPG,DJI_0355.JPG,DJI_0356.JPG,DJI_0357.JPG,DJI_0358.JPG,DJI_0395.JPG,DJI_0396.JPG
115,DJI_0187.JPG,DJI_0188.JPG,DJI_0225.JPG,DJI_0226.JPG,DJI_0227.JPG,DJI_0240.JPG,DJI_0241.JPG,DJI_0242.JPG,DJI_0277.JPG,DJI_0278.JPG,DJI_0279.JPG,DJI_0280.JPG,DJI_0295.JPG,DJI_0296.JPG,DJI_0297.JPG,DJI_0298.JPG,DJI_0335.JPG,DJI_0336.JPG,DJI_0337.JPG,DJI_0338.JPG,DJI_0356.JPG,DJI_0357.JPG,DJI_0358.JPG,DJI_0395.JPG,DJI_0396.JPG
116,DJI_0187.JPG,DJI_0188.JPG,DJI_0225.JPG,DJI_0226.JPG,DJI_0227.JPG,DJI_0240.JPG,DJI_0241.JPG,DJI_0242.JPG,DJI_0277.JPG,DJI_0278.JPG,DJI_0279.JPG,DJI_0280.JPG,DJI_0295.JPG,DJI_0296.JPG,DJI_0297.JPG,DJI_0298.JPG,DJI_0335.JPG,DJI_0336.JPG,DJI_0337.JPG,DJI_0338.JPG,DJI_0356.JPG,DJI_0357.JPG,DJI_0358.JPG,DJI_0395.JPG,DJI_0396.JPG
117,DJI_0187.JPG,DJI_0188.JPG,DJI_0225.JPG,DJI_0226.JPG,DJI_0227.JPG,DJI_0240.JPG,DJI_0241.JPG,DJI_0242.JPG,DJI_0243.JPG,DJI_0276.JPG,DJI_0277.JPG,DJI_0278.JPG,DJI_0279.JPG,DJI_0296.JPG,DJI_0297.JPG,DJI_0298.JPG,DJI_0335.JPG,DJI_0336.JPG,DJI_0337.JPG,DJI_0338.JPG,DJI_0356.JPG,DJI_0357.JPG,DJI_0358.JPG
118,DJI_0187.JPG,DJI_0188.JPG,DJI_0224.JPG,DJI_0225.JPG,DJI_0226.JPG,DJI_0227.JPG,DJI_0240.JPG,DJI_0241.JPG,DJI_0242.JPG,DJI_0243.JPG,DJI_0276.JPG,DJI_0277.JPG,DJI_0278.JPG,DJI_0279.JPG,DJI_0296.JPG,DJI_0297.JPG,DJI_0298.JPG,DJI_0335.JPG,DJI_0336.JPG,DJI_0337.JPG,DJI_0338.JPG,DJI_0356.JPG,DJI_0357.JPG,DJI_0358.JPG
119,DJI_0187.JPG,DJI_0188.JPG,DJI_0224.JPG,DJI_0225.JPG,DJI_0226.JPG,DJI_0227.JPG,DJI_0240.JPG,DJI_0241.JPG,DJI_0242.JPG,DJI_0243.JPG,DJI_0276.JPG,DJI_0277.JPG,DJI_0278.JPG,DJI_0279.JPG,DJI_0296.JPG,DJI_0297.JPG,DJI_0298.JPG,DJI_0335.JPG,DJI_0336.JPG,DJI_0337.JPG,DJI_0356.JPG,DJI_0357.JPG,DJI_0358.JPG
120,DJI_0173.JPG,DJI_0187.JPG,DJI_0188.JPG,DJI_0224.JPG,DJI_0225.JPG,DJI_0226.JPG,DJI_0227.JPG,DJI_0240.JPG,DJI_0241.JPG,DJI_0242.JPG,DJI_0243.JPG,DJI_0276.JPG,DJI_0277.JPG,DJI_0278.JPG,DJI_0279.JPG,DJI_0296.JPG,DJI_0297.JPG,DJI_0298.JPG,DJI_0335.JPG,DJI_0336.JPG,DJI_0337.JPG,DJI_0356.JPG,DJI_0357.JPG,DJI_0358.JPG
121,DJI_0173.JPG,DJI_0186.JPG,DJI_0187.JPG,DJI_0188.JPG,DJI_0224.JPG,DJI_0225.JPG,DJI_0226.JPG,DJI_0227.JPG,DJI_0240.JPG,DJI_0241.JPG,DJI_0242.JPG,DJI_0243.JPG,DJI_0276.JPG,DJI_0277.JPG,DJI_0278.JPG,DJI_0279.JPG,DJI_0296.JPG,DJI_0297.JPG,DJI_0298.JPG,DJI_0335.JPG,DJI_0336.JPG,DJI_0337.JPG,DJI_0356.JPG,DJI_0357.JPG,DJI_0358.JPG
122,DJI_0172.JPG,DJI_0173.JPG,DJI_0187.JPG,DJI_0188.JPG,DJI_0189.JPG,DJI_0224.JPG,DJI_0225.JPG,DJI_0226.JPG,DJI_0227.JPG,DJI_0240.JPG,DJI_0241.JPG,DJI_0242.JPG,DJI_0243.JPG,DJI_0276.JPG,DJI_0277.JPG,DJI_0278.JPG,DJI_0279.JPG,DJI_0296.JPG,DJI_0297.JPG,DJI_0298.JPG,DJI_0299.JPG,DJI_0335.JPG,DJI_0336.JPG,DJI_0337.JPG,DJI_0356.JPG,DJI_0357.JPG,DJI_0358.JPG
123,DJI_0172.JPG,DJI_0173.JPG,DJI_0186.JPG,DJI_0187.JPG,DJI_0188.JPG,DJI_0189.JPG,DJI_0224.JPG,DJI_0225.JPG,DJI_0226.JPG,DJI_0227.JPG,DJI_0240.JPG,DJI_0241.JPG,DJI_0242.JPG,DJI_0243.JPG,DJI_0276.JPG,DJI_0277.JPG,DJI_0278.JPG,DJI_0279.JPG,DJI_0296.JPG,DJI_0297.JPG,DJI_0298.JPG,DJI_0299.JPG,DJI_0335.JPG,DJI_0336.JPG,DJI_0337.JPG,DJI_0357.JPG
124,DJI_0172.JPG,DJI_0173.JPG,DJI_0186.JPG,DJI_0187.JPG,DJI_0188.JPG,DJI_0189.JPG,DJI_0224.JPG,DJI_0225.JPG,DJI_0226.JPG,DJI_0227.JPG,DJI_0240.JPG,DJI_0241.JPG,DJI_0242.JPG,DJI_0243.JPG,DJI_0276.JPG,DJI_0277.JPG,DJI_0278.JPG,DJI_0279.JPG,DJI_0296.JPG,DJI_0297.JPG,DJI_0298.JPG,DJI_0335.JPG,DJI_0336.JPG,DJI_0337.JPG,DJI_0357.JPG
125,DJI_0172.JPG,DJI_0173.JPG,DJI_0186.JPG,DJI_0187.JPG,DJI_0188.JPG,DJI_0189.JPG,DJI_0224.JPG,DJI_0225.JPG,DJI_0226.JPG,DJI_0227.JPG,DJI_0240.JPG,DJI_0241.JPG,DJI_0242.JPG,DJI_0243.JPG,DJI_0276.JPG,DJI_0277.JPG,DJI_0278.JPG,DJI_0279.JPG,DJI_0296.JPG,DJI_0297.JPG,DJI_0298.JPG,DJI_0299.JPG,DJI_0335.JPG,DJI_0336.JPG,DJI_0337.JPG,DJI_0357.JPG
126,DJI_0172.JPG,DJI_0173.JPG,DJI_0186.JPG,DJI_0187.JPG,DJI_0188.JPG,DJI_0189.JPG,DJI_0224.JPG,DJI_0225.JPG,DJI_0226.JPG,DJI_0227.JPG,DJI_0240.JPG,DJI_0241.JPG,DJI_0242.JPG,DJI_0243.JPG,DJI_0276.JPG,DJI_0277.JPG,DJI_0278.JPG,DJI_0279.JPG,DJI_0296.JPG,DJI_0297.JPG,DJI_0298.JPG,DJI_0335.JPG,DJI_0336.JPG,DJI_0337.JPG,DJI_0357.JPG
127,DJI_0134.JPG,DJI_0172.JPG,DJI_0173.JPG,DJI_0174.JPG,DJI_0186.JPG,DJI_0187.JPG,DJI_0188.JPG,DJI_0189.JPG,DJI_0224.JPG,DJI_0225.JPG,DJI_0226.JPG,DJI_0227.JPG,DJI_0240.JPG,DJI_0241.JPG,DJI_0242.JPG,DJI_0243.JPG,DJI_0276.JPG,DJI_0277.JPG,DJI_0278.JPG,DJI_0279.JPG,DJI_0296.JPG,DJI_0297.JPG,DJI_0298.JPG,DJI_0335.JPG,DJI_0336.JPG,DJI_0337.JPG
128,DJI_0134.JPG,DJI_0172.JPG,DJI_0173.JPG,DJI_0174.JPG,DJI_0186.JPG,DJI_0187.JPG,DJI_0188.JPG,DJI_0189.JPG,DJI_0224.JPG,DJI_0225.JPG,DJI_0226.JPG,DJI_0227.JPG,DJI_0240.JPG,DJI_0241.JPG,DJI_0242.JPG,DJI_0243.JPG,DJI_0276.JPG,DJI_0277.JPG,DJI_0278.JPG,DJI_0279.JPG,DJI_0296.JPG,DJI_0297.JPG,DJI_0298.JPG,DJI_0335.JPG,DJI_0336.JPG,DJI_0337.JPG
129,DJI_0134.JPG,DJI_0135.JPG,DJI_0172.JPG,DJI_0173.JPG,DJI_0174.JPG,DJI_0186.JPG,DJI_0187.JPG,DJI_0188.JPG,DJI_0189.JPG,DJI_0224.JPG,DJI_0225.JPG,DJI_0226.JPG,DJI_0227.JPG,DJI_0240.JPG,DJI_0241.JPG,DJI_0242.JPG,DJI_0243.JPG,DJI_0276.JPG,DJI_0277.JPG,DJI_0278.JPG,DJI_0279.JPG,DJI_0296.JPG,DJI_0297.JPG,DJI_0298.JPG,DJI_0335.JPG,DJI_0336.JPG,DJI_0337.JPG
130,DJI_0134.JPG,DJI_0135.JPG,DJI_0172.JPG,DJI_0173.JPG,DJI_0174.JPG,DJI_0186.JPG,DJI_0187.JPG,DJI_0188.JPG,DJI_0189.JPG,DJI_0224.JPG,DJI_0225.JPG,DJI_0226.JPG,DJI_0227.JPG,DJI_0240.JPG,DJI_0241.JPG,DJI_0242.JPG,DJI_0243.JPG,DJI_0276.JPG,DJI_0277.JPG,DJI_0278.JPG,DJI_0279.JPG,DJI_0296.JPG,DJI_0297.JPG,DJI_0298.JPG,DJI_0336.JPG
131,DJI_0134.JPG,DJI_0135.JPG,DJI_0172.JPG,DJI_0173.JPG,DJI_0174.JPG,DJI_0186.JPG,DJI_0187.JPG,DJI_0188.JPG,DJI_0189.JPG,DJI_0224.JPG,DJI_0225.JPG,DJI_0226.JPG,DJI_0227.JPG,DJI_0240.JPG,DJI_0241.JPG,DJI_0242.JPG,DJI_0243.JPG,DJI_0276.JPG,DJI_0277.JPG,DJI_0278.JPG,DJI_0279.JPG,DJI_0296.JPG,DJI_0297.JPG,DJI_0298.JPG,DJI_0336.JPG
132,DJI_0133.JPG,DJI_0134.JPG,DJI_0135.JPG,DJI_0172.JPG,DJI_0173.JPG,DJI_0174.JPG,DJI_0186.JPG,DJI_0187.JPG,DJI_0188.JPG,DJI_0189.JPG,DJI_0224.JPG,DJI_0225.JPG,DJI_0226.JPG,DJI_0227.JPG,DJI_0240.JPG,DJI_0241.JPG,DJI_0242.JPG,DJI_0243.JPG,DJI_0276.JPG,DJI_0277.JPG,DJI_0278.JPG,DJI_0279.JPG,DJI_0296.JPG,DJI_0297.JPG,DJI_0298.JPG,DJI_0336.JPG
133,DJI_0133.JPG,DJI_0134.JPG,DJI_0135.JPG,DJI_0171.JPG,DJI_0172.JPG,DJI_0173.JPG,DJI_0174.JPG,DJI_0186.JPG,DJI_0187.JPG,DJI_0188.JPG,DJI_0189.JPG,DJI_0224.JPG,DJI_0225.JPG,DJI_0226.JPG,DJI_0227.JPG,DJI_0240.JPG,DJI_0241.JPG,DJI_0242.JPG,DJI_0243.JPG,DJI_0276.JPG,DJI_0277.JPG,DJI_0278.JPG,DJI_0279.JPG,DJI_0296.JPG,DJI_0297.JPG,DJI_0298.JPG,DJI_0336.JPG
134,DJI_0120.JPG,DJI_0133.JPG,DJI_0134.JPG,DJI_0135.JPG,DJI_0171.JPG,DJI_0172.JPG,DJI_0173.JPG,DJI_0174.JPG,DJI_0186.JPG,DJI_0187.JPG,DJI_0188.JPG,DJI_0189.JPG,DJI_0224.JPG,DJI_0225.JPG,DJI_0226.JPG,DJI_0227.JPG,DJI_0240.JPG,DJI_0241.JPG,DJI_0242.JPG,DJI_0243.JPG,DJI_0276.JPG,DJI_0277.JPG,DJI_0278.JPG,DJI_0279.JPG,DJI_0296.JPG,DJI_0297.JPG,DJI_0298.JPG
135,DJI_0120.JPG,DJI_0133.JPG,DJI_0134.JPG,DJI_0135.JPG,DJI_0171.JPG,DJI_0172.JPG,DJI_0173.JPG,DJI_0174.JPG,DJI_0186.JPG,DJI_0187.JPG,DJI_0188.JPG,DJI_0189.JPG,DJI_0224.JPG,DJI_0225.JPG,DJI_0226.JPG,DJI_0227.JPG,DJI_0240.JPG,DJI_0241.JPG,DJI_0242.JPG,DJI_0243.JPG,DJI_0277.JPG,DJI_0278.JPG,DJI_0279.JPG,DJI_0296.JPG,DJI_0297.JPG,DJI_0298.JPG
136,DJI_0120.JPG,DJI_0133.JPG,DJI_0134.JPG,DJI_0135.JPG,DJI_0172.JPG,DJI_0173.JPG,DJI_0174.JPG,DJI_0186.JPG,DJI_0187.JPG,DJI_0188.JPG,DJI_0189.JPG,DJI_0224.JPG,DJI_0225.JPG,DJI_0226.JPG,DJI_0227.JPG,DJI_0240.JPG,DJI_0241.JPG,DJI_0242.JPG,DJI_0243.JPG,DJI_0277.JPG,DJI_0278.JPG,DJI_0279.JPG,DJI_0296.JPG,DJI_0297.JPG,DJI_0298.JPG
137,DJI_0120.JPG,DJI_0121.JPG,DJI_0133.JPG,DJI_0134.JPG,DJI_0135.JPG,DJI_0172.JPG,DJI_0173.JPG,DJI_0174.JPG,DJI_0186.JPG,DJI_0187.JPG,DJI_0188.JPG,DJI_0189.JPG,DJI_0224.JPG,DJI_0225.JPG,DJI_0226.JPG,DJI_0227.JPG,DJI_0240.JPG,DJI_0241.JPG,DJI_0242.JPG,DJI_0277.JPG,DJI_0278.JPG,DJI_0279.JPG,DJI_0296.JPG,DJI_0297.JPG
138,DJI_0120.JPG,DJI_0121.JPG,DJI_0133.JPG,DJI_0134.JPG,DJI_0135.JPG,DJI_0172.JPG,DJI_0173.JPG,DJI_0174.JPG,DJI_0186.JPG,DJI_0187.JPG,DJI_0188.JPG,DJI_0189.JPG,DJI_0224.JPG,DJI_0225.JPG,DJI_0226.JPG,DJI_0227.JPG,DJI_0240.JPG,DJI_0241.JPG,DJI_0242.JPG,DJI_0277.JPG,DJI_0278.JPG,DJI_0279.JPG,DJI_0296.JPG,DJI_0297.JPG
139,DJI_0120.JPG,DJI_0121.JPG,DJI_0133.JPG,DJI_0134.JPG,DJI_0135.JPG,DJI_0172.JPG,DJI_0173.JPG,DJI_0174.JPG,DJI_0186.JPG,DJI_0187.JPG,DJI_0188.JPG,DJI_0189.JPG,DJI_0224.JPG,DJI_0225.JPG,DJI_0226.JPG,DJI_0227.JPG,DJI_0240.JPG,DJI_0241.JPG,DJI_0242.JPG,DJI_0277.JPG,DJI_0278.JPG,DJI_0279.JPG,DJI_0296.JPG,DJI_0297.JPG
140,DJI_0120.JPG,DJI_0121.JPG,DJI_0133.JPG,DJI_0134.JPG,DJI_0135.JPG,DJI_0172.JPG,DJI_0173.JPG,DJI_0174.JPG,DJI_0175.JPG,DJI_0186.JPG,DJI_0187.JPG,DJI_0188.JPG,DJI_0189.JPG,DJI_0224.JPG,DJI_0225.JPG,DJI_0226.JPG,DJI_0227.JPG,DJI_0240.JPG,DJI_0241.JPG,DJI_0242.JPG,DJI_0277.JPG,DJI_0278.JPG,DJI_0279.JPG,DJI_0296.JPG,DJI_0297.JPG
141,DJI_0120.JPG,DJI_0121.JPG,DJI_0122.JPG,DJI_0132.JPG,DJI_0133.JPG,DJI_0134.JPG,DJI_0135.JPG,DJI_0172.JPG,DJI_0173.JPG,DJI_0174.JPG,DJI_0175.JPG,DJI_0185.JPG,DJI_0186.JPG,DJI_0187.JPG,DJI_0188.JPG,DJI_0225.JPG,DJI_0226.JPG,DJI_0227.JPG,DJI_0228.JPG,DJI_0239.JPG,DJI_0240.JPG,DJI_0241.JPG,DJI_0242.JPG,DJI_0278.JPG,DJI_0279.JPG
142,DJI_0080.JPG,DJI_0120.JPG,DJI_0121.JPG,DJI_0122.JPG,DJI_0132.JPG,DJI_0133.JPG,DJI_0134.JPG,DJI_0172.JPG,DJI_0173.JPG,DJI_0174.JPG,DJI_0175.JPG,DJI_0185.JPG,DJI_0186.JPG,DJI_0187.JPG,DJI_0188.JPG,DJI_0225.JPG,DJI_0226.JPG,DJI_0227.JPG,DJI_0228.JPG,DJI_0239.JPG,DJI_0240.JPG,DJI_0241.JPG,DJI_0242.JPG,DJI_0278.JPG,DJI_0279.JPG,DJI_0280.JPG
143,DJI_0080.JPG,DJI_0120.JPG,DJI_0121.JPG,DJI_0122.JPG,DJI_0132.JPG,DJI_0133.JPG,DJI_0134.JPG,DJI_0172.JPG,DJI_0173.JPG,DJI_0174.JPG,DJI_0175.JPG,DJI_0185.JPG,DJI_0186.JPG,DJI_0187.JPG,DJI_0188.JPG,DJI_0225.JPG,DJI_0226.JPG,DJI_0227.JPG,DJI_0228.JPG,DJI_0239.JPG,DJI_0240.JPG,DJI_0241.JPG,DJI_0278.JPG,DJI_0279.JPG,DJI_0280.JPG
144,DJI_0080.JPG,DJI_0121.JPG,DJI_0122.JPG,DJI_0131.JPG,DJI_0132.JPG,DJI_0133.JPG,DJI_0134.JPG,DJI_0173.JPG,DJI_0174.JPG,DJI_0175.JPG,DJI_0176.JPG,DJI_0184.JPG,DJI_0185.JPG,DJI_0186.JPG,DJI_0187.JPG,DJI_0188.JPG,DJI_0226.JPG,DJI_0227.JPG,DJI_0228.JPG,DJI_0239.JPG,DJI_0240.JPG,DJI_0241.JPG,DJI_0279.JPG,DJI_0280.JPG
145,DJI_0079.JPG,DJI_0121.JPG,DJI_0122.JPG,DJI_0123.JPG,DJI_0131.JPG,DJI_0132.JPG,DJI_0133.JPG,DJI_0134.JPG,DJI_0173.JPG,DJI_0174.JPG,DJI_0175.JPG,DJI_0176.JPG,DJI_0184.JPG,DJI_0185.JPG,DJI_0186.JPG,DJI_0187.JPG,DJI_0226.JPG,DJI_0227.JPG,DJI_0228.JPG,DJI_0229.JPG,DJI_0238.JPG,DJI_0239.JPG,DJI_0240.JPG,DJI_0241.JPG,DJI_0279.JPG,DJI_0280.JPG
146,DJI_0079.JPG,DJI_0121.JPG,DJI_0122.JPG,DJI_0123.JPG,DJI_0131.JPG,DJI_0132.JPG,DJI_0133.JPG,DJI_0173.JPG,DJI_0174.JPG,DJI_0175.JPG,DJI_0176.JPG,DJI_0184.JPG,DJI_0185.JPG,DJI_0186.JPG,DJI_0187.JPG,DJI_0226.JPG,DJI_0227.JPG,DJI_0228.JPG,DJI_0229.JPG,DJI_0238.JPG,DJI_0239.JPG,DJI_0240.JPG,DJI_0279.JPG,DJI_0280.JPG,DJI_0281.JPG
147,DJI_0079.JPG,DJI_0121.JPG,DJI_0122.JPG,DJI_0123.JPG,DJI_0130.JPG,DJI_0131.JPG,DJI_0132.JPG,DJI_0133.JPG,DJI_0174.JPG,DJI_0175.JPG,DJI_0176.JPG,DJI_0177.JPG,DJI_0183.JPG,DJI_0184.JPG,DJI_0185.JPG,DJI_0186.JPG,DJI_0187.JPG,DJI_0227.JPG,DJI_0228.JPG,DJI_0229.JPG,DJI_0238.JPG,DJI_0239.JPG,DJI_0240.JPG,DJI_0280.JPG,DJI_0281.JPG
148,DJI_0079.JPG,DJI_0122.JPG,DJI_0123.JPG,DJI_0124.JPG,DJI_0130.JPG,DJI_0131.JPG,DJI_0132.JPG,DJI_0133.JPG,DJI_0174.JPG,DJI_0175.JPG,DJI_0176.JPG,DJI_0177.JPG,DJI_0183.JPG,DJI_0184.JPG,DJI_0185.JPG,DJI_0186.JPG,DJI_0227.JPG,DJI_0228.JPG,DJI_0229.JPG,DJI_0230.JPG,DJI_0237.JPG,DJI_0238.JPG,DJI_0239.JPG,DJI_0240.JPG,DJI_0280.JPG,DJI_0281.JPG
149,DJI_0078.JPG,DJI_0122.JPG,DJI_0123.JPG,DJI_0124.JPG,DJI_0130.JPG,DJI_0131.JPG,DJI_0132.JPG,DJI_0174.JPG,DJI_0175.JPG,DJI_0176.JPG,DJI_0177.JPG,DJI_0183.JPG,DJI_0184.JPG,DJI_0185.JPG,DJI_0186.JPG,DJI_0227.JPG,DJI_0228.JPG,DJI_0229.JPG,DJI_0230.JPG,DJI_0237.JPG,DJI_0238.JPG,DJI_0239.JPG,DJI_0280.JPG,DJI_0281.JPG,DJI_0282.JPG
150,DJI_0077.JPG,DJI_0078.JPG,DJI_0123.JPG,DJI_0124.JPG,DJI_0125.JPG,DJI_0129.JPG,DJI_0130.JPG,DJI_0131.JPG,DJI_0132.JPG,DJI_0175.JPG,DJI_0176.JPG,DJI_0177.JPG,DJI_0178.JPG,DJI_0182.JPG,DJI_0183.JPG,DJI_0184.JPG,DJI_0185.JPG,DJI_0228.JPG,DJI_0229.JPG,DJI_0230.JPG,DJI_0231.JPG,DJI_0236.JPG,DJI_0237.JPG,DJI_0238.JPG,DJI_0239.JPG,DJI_0281.JPG,DJI_0282.JPG
151,DJI_0077.JPG,DJI_0078.JPG,DJI_0123.JPG,DJI_0124.JPG,DJI_0125.JPG,DJI_0129.JPG,DJI_0130.JPG,DJI_0131.JPG,DJI_0132.JPG,DJI_0175.JPG,DJI_0176.JPG,DJI_0177.JPG,DJI_0178.JPG,DJI_0182.JPG,DJI_0183.JPG,DJI_0184.JPG,DJI_0185.JPG,DJI_0228.JPG,DJI_0229.JPG,DJI_0230.JPG,DJI_0231.JPG,DJI_0236.JPG,DJI_0237.JPG,DJI_0238.JPG,DJI_0239.JPG,DJI_0281.JPG,DJI_0282.JPG
152,DJI_0077.JPG,DJI_0123.JPG,DJI_0124.JPG,DJI_0125.JPG,DJI_0128.JPG,DJI_0129.JPG,DJI_0130.JPG,DJI_0131.JPG,DJI_0175.JPG,DJI_0176.JPG,DJI_0177.JPG,DJI_0178.JPG,DJI_0182.JPG,DJI_0183.JPG,DJI_0184.JPG,DJI_0185.JPG,DJI_0228.JPG,DJI_0229.JPG,DJI_0230.JPG,DJI_0231.JPG,DJI_0236.JPG,DJI_0237.JPG,DJI_0238.JPG,DJI_0281.JPG,DJI_0282.JPG,DJI_0283.JPG
153,DJI_0076.JPG,DJI_0077.JPG,DJI_0123.JPG,DJI_0124.JPG,DJI_0125.JPG,DJI_0126.JPG,DJI_0127.JPG,DJI_0128.JPG,DJI_0129.JPG,DJI_0130.JPG,DJI_0131.JPG,DJI_0176.JPG,DJI_0177.JPG,DJI_0178.JPG,DJI_0179.JPG,DJI_0182.JPG,DJI_0183.JPG,DJI_0184.JPG,DJI_0185.JPG,DJI_0228.JPG,DJI_0229.JPG,DJI_0230.JPG,DJI_0231.JPG,DJI_0236.JPG,DJI_0237.JPG,DJI_0238.JPG,DJI_0281.JPG,DJI_0282.JPG,DJI_0283.JPG
154,DJI_0075.JPG,DJI_0076.JPG,DJI_0077.JPG,DJI_0124.JPG,DJI_0125.JPG,DJI_0126.JPG,DJI_0127.JPG,DJI_0128.JPG,DJI_0129.JPG,DJI_0130.JPG,DJI_0131.JPG,DJI_0176.JPG,DJI_0177.JPG,DJI_0178.JPG,DJI_0179.JPG,DJI_0180.JPG,DJI_0181.JPG,DJI_0182.JPG,DJI_0183.JPG,DJI_0184.JPG,DJI_0229.JPG,DJI_0230.JPG,DJI_0231.JPG,DJI_0232.JPG,DJI_0235.JPG,DJI_0236.JPG,DJI_0237.JPG,DJI_0238.JPG,DJI_0282.JPG,DJI_0283.JPG
155,DJI_0075.JPG,DJI_0076.JPG,DJI_0077.JPG,DJI_0124.JPG,DJI_0125.JPG,DJI_0126.JPG,DJI_0127.JPG,DJI_0128.JPG,DJI_0129.JPG,DJI_0130.JPG,DJI_0176.JPG,DJI_0177.JPG,DJI_0178.JPG,DJI_0179.JPG,DJI_0180.JPG,DJI_0181.JPG,DJI_0182.JPG,DJI_0183.JPG,DJI_0184.JPG,DJI_0229.JPG,DJI_0230.JPG,DJI_0231.JPG,DJI_0232.JPG,DJI_0235.JPG,DJI_0236.JPG,DJI_0237.JPG,DJI_0282.JPG,DJI_0283.JPG
156,DJI_0075.JPG,DJI_0076.JPG,DJI_0124.JPG,DJI_0125.JPG,DJI_0126.JPG,DJI_0127.JPG,DJI_0128.JPG,DJI_0129.JPG,DJI_0130.JPG,DJI_0176.JPG,DJI_0177.JPG,DJI_0178.JPG,DJI_0179.JPG,DJI_0180.JPG,DJI_0181.JPG,DJI_0182.JPG,DJI_0183.JPG,DJI_0184.JPG,DJI_0229.JPG,DJI_0230.JPG,DJI_0231.JPG,DJI_0232.JPG,DJI_0235.JPG,DJI_0236.JPG,DJI_0237.JPG,DJI_0282.JPG,DJI_0283.JPG,DJI_0284.JPG
157,DJI_0075.JPG,DJI_0076.JPG,DJI_0124.JPG,DJI_0125.JPG,DJI_0126.JPG,DJI_0127.JPG,DJI_0128.JPG,DJI_0129.JPG,DJI_0130.JPG,DJI_0177.JPG,DJI_0178.JPG,DJI_0179.JPG,DJI_0180.JPG,DJI_0181.JPG,DJI_0182.JPG,DJI_0183.JPG,DJI_0184.JPG,DJI_0229.JPG,DJI_0230.JPG,DJI_0231.JPG,DJI_0232.JPG,DJI_0235.JPG,DJI_0236.JPG,DJI_0237.JPG,DJI_0283.JPG,DJI_0284.JPG
158,DJI_0075.JPG,DJI_0076.JPG,DJI_0125.JPG,DJI_0126.JPG,DJI_0127.JPG,DJI_0128.JPG,DJI_0129.JPG,DJI_0130.JPG,DJI_0177.JPG,DJI_0178.JPG,DJI_0179.JPG,DJI_0180.JPG,DJI_0181.JPG,DJI_0182.JPG,DJI_0183.JPG,DJI_0230.JPG,DJI_0231.JPG,DJI_0232.JPG,DJI_0233.JPG,DJI_0235.JPG,DJI_0236.JPG,DJI_0237.JPG,DJI_0283.JPG,DJI_0284.JPG
159,DJI_0075.JPG,DJI_0125.JPG,DJI_0126.JPG,DJI_0127.JPG,DJI_0128.JPG,DJI_0129.JPG,DJI_0177.JPG,DJI_0178.JPG,DJI_0179.JPG,DJI_0180.JPG,DJI_0181.JPG,DJI_0182.JPG,DJI_0183.JPG,DJI_0230.JPG,DJI_0231.JPG,DJI_0232.JPG,DJI_0233.JPG,DJI_0234.JPG,DJI_0235.JPG,DJI_0236.JPG,DJI_0283.JPG,DJI_0284.JPG,DJI_0285.JPG
160,DJI_0125.JPG,DJI_0126.JPG,DJI_0127.JPG,DJI_0128.JPG,DJI_0129.JPG,DJI_0178.JPG,DJI_0179.JPG,DJI_0180.JPG,DJI_0181.JPG,DJI_0182.JPG,DJI_0183.JPG,DJI_0231.JPG,DJI_0232.JPG,DJI_0233.JPG,DJI_0234.JPG,DJI_0235.JPG,DJI_0236.JPG,DJI_0284.JPG,DJI_0285.JPG
161,DJI_0180.JPG,DJI_0181.JPG,DJI_0232.JPG,DJI_0233.JPG,DJI_0234.JPG,DJI_0285.JPG,DJI_0286.JPG,DJI_0287.JPG
162
163
